INSERT INTO regions (code, name)
VALUES
('1', '北海道'),
('2', '東北'),
('3', '関東'),
('4', '北陸信越'),
('5', '東海'),
('6', '近畿'),
('7', '中国'),
('8', '四国'),
('9', '九州');

INSERT INTO prefectures (code, name, region_code)
VALUES
('010006', '北海道', '1'),
('020001', '青森県', '2'),
('030007', '岩手県', '2'),
('040002', '宮城県', '2'),
('050008', '秋田県', '2'),
('060003', '山形県', '2'),
('070009', '福島県', '2'),
('080004', '茨城県', '3'),
('090000', '栃木県', '3'),
('100005', '群馬県', '3'),
('110001', '埼玉県', '3'),
('120006', '千葉県', '3'),
('130001', '東京都', '3'),
('140007', '神奈川県', '3'),
('150002', '新潟県', '4'),
('160008', '富山県', '4'),
('170003', '石川県', '4'),
('180009', '福井県', '4'),
('190004', '山梨県', '3'),
('200000', '長野県', '4'),
('210005', '岐阜県', '5'),
('220001', '静岡県', '5'),
('230006', '愛知県', '5'),
('240001', '三重県', '5'),
('250007', '滋賀県', '6'),
('260002', '京都府', '6'),
('270008', '大阪府', '6'),
('280003', '兵庫県', '6'),
('290009', '奈良県', '6'),
('300004', '和歌山県', '6'),
('310000', '鳥取県', '7'),
('320005', '島根県', '7'),
('330001', '岡山県', '7'),
('340006', '広島県', '7'),
('350001', '山口県', '7'),
('360007', '徳島県', '8'),
('370002', '香川県', '8'),
('380008', '愛媛県', '8'),
('390003', '高知県', '8'),
('400009', '福岡県', '9'),
('410004', '佐賀県', '9'),
('420000', '長崎県', '9'),
('430005', '熊本県', '9'),
('440001', '大分県', '9'),
('450006', '宮崎県', '9'),
('460001', '鹿児島県', '9'),
('470007', '沖縄県', '9');

INSERT INTO cities (code, name, prefecture_code, archived)
VALUES
('01101', '札幌市中央区', '010006', false),
('01102', '札幌市北区', '010006', false),
('01103', '札幌市東区', '010006', false),
('01104', '札幌市白石区', '010006', false),
('01105', '札幌市豊平区', '010006', false),
('01106', '札幌市南区', '010006', false),
('01107', '札幌市西区', '010006', false),
('01108', '札幌市厚別区', '010006', false),
('01109', '札幌市手稲区', '010006', false),
('01110', '札幌市清田区', '010006', false),
('01202', '函館市', '010006', false),
('01203', '小樽市', '010006', false),
('01204', '旭川市', '010006', false),
('01205', '室蘭市', '010006', false),
('01206', '釧路市', '010006', false),
('01207', '帯広市', '010006', false),
('01208', '北見市', '010006', false),
('01209', '夕張市', '010006', false),
('01210', '岩見沢市', '010006', false),
('01211', '網走市', '010006', false),
('01212', '留萌市', '010006', false),
('01213', '苫小牧市', '010006', false),
('01214', '稚内市', '010006', false),
('01215', '美唄市', '010006', false),
('01216', '芦別市', '010006', false),
('01217', '江別市', '010006', false),
('01218', '赤平市', '010006', false),
('01219', '紋別市', '010006', false),
('01220', '士別市', '010006', false),
('01221', '名寄市', '010006', false),
('01222', '三笠市', '010006', false),
('01223', '根室市', '010006', false),
('01224', '千歳市', '010006', false),
('01225', '滝川市', '010006', false),
('01226', '砂川市', '010006', false),
('01227', '歌志内市', '010006', false),
('01228', '深川市', '010006', false),
('01229', '富良野市', '010006', false),
('01230', '登別市', '010006', false),
('01231', '恵庭市', '010006', false),
('01233', '伊達市', '010006', false),
('01234', '北広島市', '010006', false),
('01235', '石狩市', '010006', false),
('01236', '北斗市', '010006', false),
('01303', '当別町', '010006', false),
('01304', '新篠津村', '010006', false),
('01331', '松前町', '010006', false),
('01332', '福島町', '010006', false),
('01333', '知内町', '010006', false),
('01334', '木古内町', '010006', false),
('01337', '七飯町', '010006', false),
('01343', '鹿部町', '010006', false),
('01345', '森町', '010006', false),
('01346', '八雲町', '010006', false),
('01347', '長万部町', '010006', false),
('01361', '江差町', '010006', false),
('01362', '上ノ国町', '010006', false),
('01363', '厚沢部町', '010006', false),
('01364', '乙部町', '010006', false),
('01367', '奥尻町', '010006', false),
('01370', '今金町', '010006', false),
('01371', 'せたな町', '010006', false),
('01391', '島牧村', '010006', false),
('01392', '寿都町', '010006', false),
('01393', '黒松内町', '010006', false),
('01394', '蘭越町', '010006', false),
('01395', 'ニセコ町', '010006', false),
('01396', '真狩村', '010006', false),
('01397', '留寿都村', '010006', false),
('01398', '喜茂別町', '010006', false),
('01399', '京極町', '010006', false),
('01400', '倶知安町', '010006', false),
('01401', '共和町', '010006', false),
('01402', '岩内町', '010006', false),
('01403', '泊村', '010006', false),
('01404', '神恵内村', '010006', false),
('01405', '積丹町', '010006', false),
('01406', '古平町', '010006', false),
('01407', '仁木町', '010006', false),
('01408', '余市町', '010006', false),
('01409', '赤井川村', '010006', false),
('01423', '南幌町', '010006', false),
('01424', '奈井江町', '010006', false),
('01425', '上砂川町', '010006', false),
('01427', '由仁町', '010006', false),
('01428', '長沼町', '010006', false),
('01429', '栗山町', '010006', false),
('01430', '月形町', '010006', false),
('01431', '浦臼町', '010006', false),
('01432', '新十津川町', '010006', false),
('01433', '妹背牛町', '010006', false),
('01434', '秩父別町', '010006', false),
('01436', '雨竜町', '010006', false),
('01437', '北竜町', '010006', false),
('01438', '沼田町', '010006', false),
('01452', '鷹栖町', '010006', false),
('01453', '東神楽町', '010006', false),
('01454', '当麻町', '010006', false),
('01455', '比布町', '010006', false),
('01456', '愛別町', '010006', false),
('01457', '上川町', '010006', false),
('01458', '東川町', '010006', false),
('01459', '美瑛町', '010006', false),
('01460', '上富良野町', '010006', false),
('01461', '中富良野町', '010006', false),
('01462', '南富良野町', '010006', false),
('01463', '占冠村', '010006', false),
('01464', '和寒町', '010006', false),
('01465', '剣淵町', '010006', false),
('01468', '下川町', '010006', false),
('01469', '美深町', '010006', false),
('01470', '音威子府村', '010006', false),
('01471', '中川町', '010006', false),
('01472', '幌加内町', '010006', false),
('01481', '増毛町', '010006', false),
('01482', '小平町', '010006', false),
('01483', '苫前町', '010006', false),
('01484', '羽幌町', '010006', false),
('01485', '初山別村', '010006', false),
('01486', '遠別町', '010006', false),
('01487', '天塩町', '010006', false),
('01511', '猿払村', '010006', false),
('01512', '浜頓別町', '010006', false),
('01513', '中頓別町', '010006', false),
('01514', '枝幸町', '010006', false),
('01516', '豊富町', '010006', false),
('01517', '礼文町', '010006', false),
('01518', '利尻町', '010006', false),
('01519', '利尻富士町', '010006', false),
('01520', '幌延町', '010006', false),
('01543', '美幌町', '010006', false),
('01544', '津別町', '010006', false),
('01545', '斜里町', '010006', false),
('01546', '清里町', '010006', false),
('01547', '小清水町', '010006', false),
('01549', '訓子府町', '010006', false),
('01550', '置戸町', '010006', false),
('01552', '佐呂間町', '010006', false),
('01555', '遠軽町', '010006', false),
('01559', '湧別町', '010006', false),
('01560', '滝上町', '010006', false),
('01561', '興部町', '010006', false),
('01562', '西興部村', '010006', false),
('01563', '雄武町', '010006', false),
('01564', '大空町', '010006', false),
('01571', '豊浦町', '010006', false),
('01575', '壮瞥町', '010006', false),
('01578', '白老町', '010006', false),
('01581', '厚真町', '010006', false),
('01584', '洞爺湖町', '010006', false),
('01585', '安平町', '010006', false),
('01586', 'むかわ町', '010006', false),
('01601', '日高町', '010006', false),
('01602', '平取町', '010006', false),
('01604', '新冠町', '010006', false),
('01607', '浦河町', '010006', false),
('01608', '様似町', '010006', false),
('01609', 'えりも町', '010006', false),
('01610', '新ひだか町', '010006', false),
('01631', '音更町', '010006', false),
('01632', '士幌町', '010006', false),
('01633', '上士幌町', '010006', false),
('01634', '鹿追町', '010006', false),
('01635', '新得町', '010006', false),
('01636', '清水町', '010006', false),
('01637', '芽室町', '010006', false),
('01638', '中札内村', '010006', false),
('01639', '更別村', '010006', false),
('01641', '大樹町', '010006', false),
('01642', '広尾町', '010006', false),
('01643', '幕別町', '010006', false),
('01644', '池田町', '010006', false),
('01645', '豊頃町', '010006', false),
('01646', '本別町', '010006', false),
('01647', '足寄町', '010006', false),
('01648', '陸別町', '010006', false),
('01649', '浦幌町', '010006', false),
('01661', '釧路町', '010006', false),
('01662', '厚岸町', '010006', false),
('01663', '浜中町', '010006', false),
('01664', '標茶町', '010006', false),
('01665', '弟子屈町', '010006', false),
('01667', '鶴居村', '010006', false),
('01668', '白糠町', '010006', false),
('01691', '別海町', '010006', false),
('01692', '中標津町', '010006', false),
('01693', '標津町', '010006', false),
('01694', '羅臼町', '010006', false),
('02201', '青森市', '020001', false),
('02202', '弘前市', '020001', false),
('02203', '八戸市', '020001', false),
('02204', '黒石市', '020001', false),
('02205', '五所川原市', '020001', false),
('02206', '十和田市', '020001', false),
('02207', '三沢市', '020001', false),
('02208', 'むつ市', '020001', false),
('02209', 'つがる市', '020001', false),
('02210', '平川市', '020001', false),
('02301', '平内町', '020001', false),
('02303', '今別町', '020001', false),
('02304', '蓬田村', '020001', false),
('02307', '外ヶ浜町', '020001', false),
('02321', '鰺ヶ沢町', '020001', false),
('02323', '深浦町', '020001', false),
('02343', '西目屋村', '020001', false),
('02361', '藤崎町', '020001', false),
('02362', '大鰐町', '020001', false),
('02367', '田舎館村', '020001', false),
('02381', '板柳町', '020001', false),
('02384', '鶴田町', '020001', false),
('02387', '中泊町', '020001', false),
('02401', '野辺地町', '020001', false),
('02402', '七戸町', '020001', false),
('02405', '六戸町', '020001', false),
('02406', '横浜町', '020001', false),
('02408', '東北町', '020001', false),
('02411', '六ヶ所村', '020001', false),
('02412', 'おいらせ町', '020001', false),
('02423', '大間町', '020001', false),
('02424', '東通村', '020001', false),
('02425', '風間浦村', '020001', false),
('02426', '佐井村', '020001', false),
('02441', '三戸町', '020001', false),
('02442', '五戸町', '020001', false),
('02443', '田子町', '020001', false),
('02445', '南部町', '020001', false),
('02446', '階上町', '020001', false),
('02450', '新郷村', '020001', false),
('03201', '盛岡市', '030007', false),
('03202', '宮古市', '030007', false),
('03203', '大船渡市', '030007', false),
('03205', '花巻市', '030007', false),
('03206', '北上市', '030007', false),
('03207', '久慈市', '030007', false),
('03208', '遠野市', '030007', false),
('03209', '一関市', '030007', false),
('03210', '陸前高田市', '030007', false),
('03211', '釜石市', '030007', false),
('03213', '二戸市', '030007', false),
('03214', '八幡平市', '030007', false),
('03215', '奥州市', '030007', false),
('03216', '滝沢市', '030007', false),
('03301', '雫石町', '030007', false),
('03302', '葛巻町', '030007', false),
('03303', '岩手町', '030007', false),
('03321', '紫波町', '030007', false),
('03322', '矢巾町', '030007', false),
('03366', '西和賀町', '030007', false),
('03381', '金ケ崎町', '030007', false),
('03402', '平泉町', '030007', false);

INSERT INTO cities (code, name, prefecture_code, archived)
VALUES
('03441', '住田町', '030007', false),
('03461', '大槌町', '030007', false),
('03482', '山田町', '030007', false),
('03483', '岩泉町', '030007', false),
('03484', '田野畑村', '030007', false),
('03485', '普代村', '030007', false),
('03501', '軽米町', '030007', false),
('03503', '野田村', '030007', false),
('03506', '九戸村', '030007', false),
('03507', '洋野町', '030007', false),
('03524', '一戸町', '030007', false),
('04101', '仙台市青葉区', '040002', false),
('04102', '仙台市宮城野区', '040002', false),
('04103', '仙台市若林区', '040002', false),
('04104', '仙台市太白区', '040002', false),
('04105', '仙台市泉区', '040002', false),
('04202', '石巻市', '040002', false),
('04203', '塩竈市', '040002', false),
('04205', '気仙沼市', '040002', false),
('04206', '白石市', '040002', false),
('04207', '名取市', '040002', false),
('04208', '角田市', '040002', false),
('04209', '多賀城市', '040002', false),
('04211', '岩沼市', '040002', false),
('04212', '登米市', '040002', false),
('04213', '栗原市', '040002', false),
('04214', '東松島市', '040002', false),
('04215', '大崎市', '040002', false),
('04216', '富谷市', '040002', false),
('04301', '蔵王町', '040002', false),
('04302', '七ヶ宿町', '040002', false),
('04321', '大河原町', '040002', false),
('04322', '村田町', '040002', false),
('04323', '柴田町', '040002', false),
('04324', '川崎町', '040002', false),
('04341', '丸森町', '040002', false),
('04361', '亘理町', '040002', false),
('04362', '山元町', '040002', false),
('04401', '松島町', '040002', false),
('04404', '七ヶ浜町', '040002', false),
('04406', '利府町', '040002', false),
('04421', '大和町', '040002', false),
('04422', '大郷町', '040002', false),
('04424', '大衡村', '040002', false),
('04444', '色麻町', '040002', false),
('04445', '加美町', '040002', false),
('04501', '涌谷町', '040002', false),
('04505', '美里町', '040002', false),
('04581', '女川町', '040002', false),
('04606', '南三陸町', '040002', false),
('05201', '秋田市', '050008', false),
('05202', '能代市', '050008', false),
('05203', '横手市', '050008', false),
('05204', '大館市', '050008', false),
('05206', '男鹿市', '050008', false),
('05207', '湯沢市', '050008', false),
('05209', '鹿角市', '050008', false),
('05210', '由利本荘市', '050008', false),
('05211', '潟上市', '050008', false),
('05212', '大仙市', '050008', false),
('05213', '北秋田市', '050008', false),
('05214', 'にかほ市', '050008', false),
('05215', '仙北市', '050008', false),
('05303', '小坂町', '050008', false),
('05327', '上小阿仁村', '050008', false),
('05346', '藤里町', '050008', false),
('05348', '三種町', '050008', false),
('05349', '八峰町', '050008', false),
('05361', '五城目町', '050008', false),
('05363', '八郎潟町', '050008', false),
('05366', '井川町', '050008', false),
('05368', '大潟村', '050008', false),
('05434', '美郷町', '050008', false),
('05463', '羽後町', '050008', false),
('05464', '東成瀬村', '050008', false),
('06201', '山形市', '060003', false),
('06202', '米沢市', '060003', false),
('06203', '鶴岡市', '060003', false),
('06204', '酒田市', '060003', false),
('06205', '新庄市', '060003', false),
('06206', '寒河江市', '060003', false),
('06207', '上山市', '060003', false),
('06208', '村山市', '060003', false),
('06209', '長井市', '060003', false),
('06210', '天童市', '060003', false),
('06211', '東根市', '060003', false),
('06212', '尾花沢市', '060003', false),
('06213', '南陽市', '060003', false),
('06301', '山辺町', '060003', false),
('06302', '中山町', '060003', false),
('06321', '河北町', '060003', false),
('06322', '西川町', '060003', false),
('06323', '朝日町', '060003', false),
('06324', '大江町', '060003', false),
('06341', '大石田町', '060003', false),
('06361', '金山町', '060003', false),
('06362', '最上町', '060003', false),
('06363', '舟形町', '060003', false),
('06364', '真室川町', '060003', false),
('06365', '大蔵村', '060003', false),
('06366', '鮭川村', '060003', false),
('06367', '戸沢村', '060003', false),
('06381', '高畠町', '060003', false),
('06382', '川西町', '060003', false),
('06401', '小国町', '060003', false),
('06402', '白鷹町', '060003', false),
('06403', '飯豊町', '060003', false),
('06426', '三川町', '060003', false),
('06428', '庄内町', '060003', false),
('06461', '遊佐町', '060003', false),
('07201', '福島市', '070009', false),
('07202', '会津若松市', '070009', false),
('07203', '郡山市', '070009', false),
('07204', 'いわき市', '070009', false),
('07205', '白河市', '070009', false),
('07207', '須賀川市', '070009', false),
('07208', '喜多方市', '070009', false),
('07209', '相馬市', '070009', false),
('07210', '二本松市', '070009', false),
('07211', '田村市', '070009', false),
('07212', '南相馬市', '070009', false),
('07213', '伊達市', '070009', false),
('07214', '本宮市', '070009', false),
('07301', '桑折町', '070009', false),
('07303', '国見町', '070009', false),
('07308', '川俣町', '070009', false),
('07322', '大玉村', '070009', false),
('07342', '鏡石町', '070009', false),
('07344', '天栄村', '070009', false),
('07362', '下郷町', '070009', false),
('07364', '檜枝岐村', '070009', false),
('07367', '只見町', '070009', false),
('07368', '南会津町', '070009', false),
('07402', '北塩原村', '070009', false),
('07405', '西会津町', '070009', false),
('07407', '磐梯町', '070009', false),
('07408', '猪苗代町', '070009', false),
('07421', '会津坂下町', '070009', false),
('07422', '湯川村', '070009', false),
('07423', '柳津町', '070009', false),
('07444', '三島町', '070009', false),
('07445', '金山町', '070009', false),
('07446', '昭和村', '070009', false),
('07447', '会津美里町', '070009', false),
('07461', '西郷村', '070009', false),
('07464', '泉崎村', '070009', false),
('07465', '中島村', '070009', false),
('07466', '矢吹町', '070009', false),
('07481', '棚倉町', '070009', false),
('07482', '矢祭町', '070009', false),
('07483', '塙町', '070009', false),
('07484', '鮫川村', '070009', false),
('07501', '石川町', '070009', false),
('07502', '玉川村', '070009', false),
('07503', '平田村', '070009', false),
('07504', '浅川町', '070009', false),
('07505', '古殿町', '070009', false),
('07521', '三春町', '070009', false),
('07522', '小野町', '070009', false),
('07541', '広野町', '070009', false),
('07542', '楢葉町', '070009', false),
('07543', '富岡町', '070009', false),
('07544', '川内村', '070009', false),
('07545', '大熊町', '070009', false),
('07546', '双葉町', '070009', false),
('07547', '浪江町', '070009', false),
('07548', '葛尾村', '070009', false),
('07561', '新地町', '070009', false),
('07564', '飯舘村', '070009', false),
('08201', '水戸市', '080004', false),
('08202', '日立市', '080004', false),
('08203', '土浦市', '080004', false),
('08204', '古河市', '080004', false),
('08205', '石岡市', '080004', false),
('08207', '結城市', '080004', false),
('08208', '龍ケ崎市', '080004', false),
('08210', '下妻市', '080004', false),
('08211', '常総市', '080004', false),
('08212', '常陸太田市', '080004', false),
('08214', '高萩市', '080004', false),
('08215', '北茨城市', '080004', false),
('08216', '笠間市', '080004', false),
('08217', '取手市', '080004', false),
('08219', '牛久市', '080004', false),
('08220', 'つくば市', '080004', false),
('08221', 'ひたちなか市', '080004', false),
('08222', '鹿嶋市', '080004', false),
('08223', '潮来市', '080004', false),
('08224', '守谷市', '080004', false),
('08225', '常陸大宮市', '080004', false),
('08226', '那珂市', '080004', false),
('08227', '筑西市', '080004', false),
('08228', '坂東市', '080004', false),
('08229', '稲敷市', '080004', false),
('08230', 'かすみがうら市', '080004', false),
('08231', '桜川市', '080004', false),
('08232', '神栖市', '080004', false),
('08233', '行方市', '080004', false),
('08234', '鉾田市', '080004', false),
('08235', 'つくばみらい市', '080004', false),
('08236', '小美玉市', '080004', false),
('08302', '茨城町', '080004', false),
('08309', '大洗町', '080004', false),
('08310', '城里町', '080004', false),
('08341', '東海村', '080004', false),
('08364', '大子町', '080004', false),
('08442', '美浦村', '080004', false),
('08443', '阿見町', '080004', false),
('08447', '河内町', '080004', false),
('08521', '八千代町', '080004', false),
('08542', '五霞町', '080004', false),
('08546', '境町', '080004', false),
('08564', '利根町', '080004', false),
('09201', '宇都宮市', '090000', false),
('09202', '足利市', '090000', false),
('09203', '栃木市', '090000', false),
('09204', '佐野市', '090000', false),
('09205', '鹿沼市', '090000', false),
('09206', '日光市', '090000', false),
('09208', '小山市', '090000', false),
('09209', '真岡市', '090000', false),
('09210', '大田原市', '090000', false),
('09211', '矢板市', '090000', false),
('09213', '那須塩原市', '090000', false),
('09214', 'さくら市', '090000', false),
('09215', '那須烏山市', '090000', false),
('09216', '下野市', '090000', false),
('09301', '上三川町', '090000', false),
('09342', '益子町', '090000', false),
('09343', '茂木町', '090000', false),
('09344', '市貝町', '090000', false),
('09345', '芳賀町', '090000', false),
('09361', '壬生町', '090000', false),
('09364', '野木町', '090000', false),
('09384', '塩谷町', '090000', false),
('09386', '高根沢町', '090000', false),
('09407', '那須町', '090000', false),
('09411', '那珂川町', '090000', false),
('10201', '前橋市', '100005', false),
('10202', '高崎市', '100005', false),
('10203', '桐生市', '100005', false),
('10204', '伊勢崎市', '100005', false),
('10205', '太田市', '100005', false),
('10206', '沼田市', '100005', false),
('10207', '館林市', '100005', false),
('10208', '渋川市', '100005', false),
('10209', '藤岡市', '100005', false),
('10210', '富岡市', '100005', false),
('10211', '安中市', '100005', false),
('10212', 'みどり市', '100005', false);

INSERT INTO cities (code, name, prefecture_code, archived)
VALUES
('10344', '榛東村', '100005', false),
('10345', '吉岡町', '100005', false),
('10366', '上野村', '100005', false),
('10367', '神流町', '100005', false),
('10382', '下仁田町', '100005', false),
('10383', '南牧村', '100005', false),
('10384', '甘楽町', '100005', false),
('10421', '中之条町', '100005', false),
('10424', '長野原町', '100005', false),
('10425', '嬬恋村', '100005', false),
('10426', '草津町', '100005', false),
('10428', '高山村', '100005', false),
('10429', '東吾妻町', '100005', false),
('10443', '片品村', '100005', false),
('10444', '川場村', '100005', false),
('10448', '昭和村', '100005', false),
('10449', 'みなかみ町', '100005', false),
('10464', '玉村町', '100005', false),
('10521', '板倉町', '100005', false),
('10522', '明和町', '100005', false),
('10523', '千代田町', '100005', false),
('10524', '大泉町', '100005', false),
('10525', '邑楽町', '100005', false),
('11101', 'さいたま市西区', '110001', false),
('11102', 'さいたま市北区', '110001', false),
('11103', 'さいたま市大宮区', '110001', false),
('11104', 'さいたま市見沼区', '110001', false),
('11105', 'さいたま市中央区', '110001', false),
('11106', 'さいたま市桜区', '110001', false),
('11107', 'さいたま市浦和区', '110001', false),
('11108', 'さいたま市南区', '110001', false),
('11109', 'さいたま市緑区', '110001', false),
('11110', 'さいたま市岩槻区', '110001', false),
('11201', '川越市', '110001', false),
('11202', '熊谷市', '110001', false),
('11203', '川口市', '110001', false),
('11206', '行田市', '110001', false),
('11207', '秩父市', '110001', false),
('11208', '所沢市', '110001', false),
('11209', '飯能市', '110001', false),
('11210', '加須市', '110001', false),
('11211', '本庄市', '110001', false),
('11212', '東松山市', '110001', false),
('11214', '春日部市', '110001', false),
('11215', '狭山市', '110001', false),
('11216', '羽生市', '110001', false),
('11217', '鴻巣市', '110001', false),
('11218', '深谷市', '110001', false),
('11219', '上尾市', '110001', false),
('11221', '草加市', '110001', false),
('11222', '越谷市', '110001', false),
('11223', '蕨市', '110001', false),
('11224', '戸田市', '110001', false),
('11225', '入間市', '110001', false),
('11227', '朝霞市', '110001', false),
('11228', '志木市', '110001', false),
('11229', '和光市', '110001', false),
('11230', '新座市', '110001', false),
('11231', '桶川市', '110001', false),
('11232', '久喜市', '110001', false),
('11233', '北本市', '110001', false),
('11234', '八潮市', '110001', false),
('11235', '富士見市', '110001', false),
('11237', '三郷市', '110001', false),
('11238', '蓮田市', '110001', false),
('11239', '坂戸市', '110001', false),
('11240', '幸手市', '110001', false),
('11241', '鶴ヶ島市', '110001', false),
('11242', '日高市', '110001', false),
('11243', '吉川市', '110001', false),
('11245', 'ふじみ野市', '110001', false),
('11246', '白岡市', '110001', false),
('11301', '伊奈町', '110001', false),
('11324', '三芳町', '110001', false),
('11326', '毛呂山町', '110001', false),
('11327', '越生町', '110001', false),
('11341', '滑川町', '110001', false),
('11342', '嵐山町', '110001', false),
('11343', '小川町', '110001', false),
('11346', '川島町', '110001', false),
('11347', '吉見町', '110001', false),
('11348', '鳩山町', '110001', false),
('11349', 'ときがわ町', '110001', false),
('11361', '横瀬町', '110001', false),
('11362', '皆野町', '110001', false),
('11363', '長瀞町', '110001', false),
('11365', '小鹿野町', '110001', false),
('11369', '東秩父村', '110001', false),
('11381', '美里町', '110001', false),
('11383', '神川町', '110001', false),
('11385', '上里町', '110001', false),
('11408', '寄居町', '110001', false),
('11442', '宮代町', '110001', false),
('11464', '杉戸町', '110001', false),
('11465', '松伏町', '110001', false),
('12101', '千葉市中央区', '120006', false),
('12102', '千葉市花見川区', '120006', false),
('12103', '千葉市稲毛区', '120006', false),
('12104', '千葉市若葉区', '120006', false),
('12105', '千葉市緑区', '120006', false),
('12106', '千葉市美浜区', '120006', false),
('12202', '銚子市', '120006', false),
('12203', '市川市', '120006', false),
('12204', '船橋市', '120006', false),
('12205', '館山市', '120006', false),
('12206', '木更津市', '120006', false),
('12207', '松戸市', '120006', false),
('12208', '野田市', '120006', false),
('12210', '茂原市', '120006', false),
('12211', '成田市', '120006', false),
('12212', '佐倉市', '120006', false),
('12213', '東金市', '120006', false),
('12215', '旭市', '120006', false),
('12216', '習志野市', '120006', false),
('12217', '柏市', '120006', false),
('12218', '勝浦市', '120006', false),
('12219', '市原市', '120006', false),
('12220', '流山市', '120006', false),
('12221', '八千代市', '120006', false),
('12222', '我孫子市', '120006', false),
('12223', '鴨川市', '120006', false),
('12224', '鎌ケ谷市', '120006', false),
('12225', '君津市', '120006', false),
('12226', '富津市', '120006', false),
('12227', '浦安市', '120006', false),
('12228', '四街道市', '120006', false),
('12229', '袖ケ浦市', '120006', false),
('12230', '八街市', '120006', false),
('12231', '印西市', '120006', false),
('12232', '白井市', '120006', false),
('12233', '富里市', '120006', false),
('12234', '南房総市', '120006', false),
('12235', '匝瑳市', '120006', false),
('12236', '香取市', '120006', false),
('12237', '山武市', '120006', false),
('12238', 'いすみ市', '120006', false),
('12239', '大網白里市', '120006', false),
('12322', '酒々井町', '120006', false),
('12329', '栄町', '120006', false),
('12342', '神崎町', '120006', false),
('12347', '多古町', '120006', false),
('12349', '東庄町', '120006', false),
('12403', '九十九里町', '120006', false),
('12409', '芝山町', '120006', false),
('12410', '横芝光町', '120006', false),
('12421', '一宮町', '120006', false),
('12422', '睦沢町', '120006', false),
('12423', '長生村', '120006', false),
('12424', '白子町', '120006', false),
('12426', '長柄町', '120006', false),
('12427', '長南町', '120006', false),
('12441', '大多喜町', '120006', false),
('12443', '御宿町', '120006', false),
('12463', '鋸南町', '120006', false),
('13101', '千代田区', '130001', false),
('13102', '中央区', '130001', false),
('13103', '港区', '130001', false),
('13104', '新宿区', '130001', false),
('13105', '文京区', '130001', false),
('13106', '台東区', '130001', false),
('13107', '墨田区', '130001', false),
('13108', '江東区', '130001', false),
('13109', '品川区', '130001', false),
('13110', '目黒区', '130001', false),
('13111', '大田区', '130001', false),
('13112', '世田谷区', '130001', false),
('13113', '渋谷区', '130001', false),
('13114', '中野区', '130001', false),
('13115', '杉並区', '130001', false),
('13116', '豊島区', '130001', false),
('13117', '北区', '130001', false),
('13118', '荒川区', '130001', false),
('13119', '板橋区', '130001', false),
('13120', '練馬区', '130001', false),
('13121', '足立区', '130001', false),
('13122', '葛飾区', '130001', false),
('13123', '江戸川区', '130001', false),
('13201', '八王子市', '130001', false),
('13202', '立川市', '130001', false),
('13203', '武蔵野市', '130001', false),
('13204', '三鷹市', '130001', false),
('13205', '青梅市', '130001', false),
('13206', '府中市', '130001', false),
('13207', '昭島市', '130001', false),
('13208', '調布市', '130001', false),
('13209', '町田市', '130001', false),
('13210', '小金井市', '130001', false),
('13211', '小平市', '130001', false),
('13212', '日野市', '130001', false),
('13213', '東村山市', '130001', false),
('13214', '国分寺市', '130001', false),
('13215', '国立市', '130001', false),
('13218', '福生市', '130001', false),
('13219', '狛江市', '130001', false),
('13220', '東大和市', '130001', false),
('13221', '清瀬市', '130001', false),
('13222', '東久留米市', '130001', false),
('13223', '武蔵村山市', '130001', false),
('13224', '多摩市', '130001', false),
('13225', '稲城市', '130001', false),
('13227', '羽村市', '130001', false),
('13228', 'あきる野市', '130001', false),
('13229', '西東京市', '130001', false),
('13303', '瑞穂町', '130001', false),
('13305', '日の出町', '130001', false),
('13307', '檜原村', '130001', false),
('13308', '奥多摩町', '130001', false),
('13361', '大島町', '130001', false),
('13362', '利島村', '130001', false),
('13363', '新島村', '130001', false),
('13364', '神津島村', '130001', false),
('13381', '三宅村', '130001', false),
('13382', '御蔵島村', '130001', false),
('13401', '八丈町', '130001', false),
('13402', '青ヶ島村', '130001', false),
('13421', '小笠原村', '130001', false),
('14101', '横浜市鶴見区', '140007', false),
('14102', '横浜市神奈川区', '140007', false),
('14103', '横浜市西区', '140007', false),
('14104', '横浜市中区', '140007', false),
('14105', '横浜市南区', '140007', false),
('14106', '横浜市保土ケ谷区', '140007', false),
('14107', '横浜市磯子区', '140007', false),
('14108', '横浜市金沢区', '140007', false),
('14109', '横浜市港北区', '140007', false),
('14110', '横浜市戸塚区', '140007', false),
('14111', '横浜市港南区', '140007', false),
('14112', '横浜市旭区', '140007', false),
('14113', '横浜市緑区', '140007', false),
('14114', '横浜市瀬谷区', '140007', false),
('14115', '横浜市栄区', '140007', false),
('14116', '横浜市泉区', '140007', false),
('14117', '横浜市青葉区', '140007', false),
('14118', '横浜市都筑区', '140007', false),
('14131', '川崎市川崎区', '140007', false),
('14132', '川崎市幸区', '140007', false),
('14133', '川崎市中原区', '140007', false),
('14134', '川崎市高津区', '140007', false),
('14135', '川崎市多摩区', '140007', false),
('14136', '川崎市宮前区', '140007', false),
('14137', '川崎市麻生区', '140007', false),
('14151', '相模原市緑区', '140007', false),
('14152', '相模原市中央区', '140007', false),
('14153', '相模原市南区', '140007', false),
('14201', '横須賀市', '140007', false),
('14203', '平塚市', '140007', false),
('14204', '鎌倉市', '140007', false),
('14205', '藤沢市', '140007', false),
('14206', '小田原市', '140007', false),
('14207', '茅ヶ崎市', '140007', false);

INSERT INTO cities (code, name, prefecture_code, archived)
VALUES
('14208', '逗子市', '140007', false),
('14210', '三浦市', '140007', false),
('14211', '秦野市', '140007', false),
('14212', '厚木市', '140007', false),
('14213', '大和市', '140007', false),
('14214', '伊勢原市', '140007', false),
('14215', '海老名市', '140007', false),
('14216', '座間市', '140007', false),
('14217', '南足柄市', '140007', false),
('14218', '綾瀬市', '140007', false),
('14301', '葉山町', '140007', false),
('14321', '寒川町', '140007', false),
('14341', '大磯町', '140007', false),
('14342', '二宮町', '140007', false),
('14361', '中井町', '140007', false),
('14362', '大井町', '140007', false),
('14363', '松田町', '140007', false),
('14364', '山北町', '140007', false),
('14366', '開成町', '140007', false),
('14382', '箱根町', '140007', false),
('14383', '真鶴町', '140007', false),
('14384', '湯河原町', '140007', false),
('14401', '愛川町', '140007', false),
('14402', '清川村', '140007', false),
('15101', '新潟市北区', '150002', false),
('15102', '新潟市東区', '150002', false),
('15103', '新潟市中央区', '150002', false),
('15104', '新潟市江南区', '150002', false),
('15105', '新潟市秋葉区', '150002', false),
('15106', '新潟市南区', '150002', false),
('15107', '新潟市西区', '150002', false),
('15108', '新潟市西蒲区', '150002', false),
('15202', '長岡市', '150002', false),
('15204', '三条市', '150002', false),
('15205', '柏崎市', '150002', false),
('15206', '新発田市', '150002', false),
('15208', '小千谷市', '150002', false),
('15209', '加茂市', '150002', false),
('15210', '十日町市', '150002', false),
('15211', '見附市', '150002', false),
('15212', '村上市', '150002', false),
('15213', '燕市', '150002', false),
('15216', '糸魚川市', '150002', false),
('15217', '妙高市', '150002', false),
('15218', '五泉市', '150002', false),
('15222', '上越市', '150002', false),
('15223', '阿賀野市', '150002', false),
('15224', '佐渡市', '150002', false),
('15225', '魚沼市', '150002', false),
('15226', '南魚沼市', '150002', false),
('15227', '胎内市', '150002', false),
('15307', '聖籠町', '150002', false),
('15342', '弥彦村', '150002', false),
('15361', '田上町', '150002', false),
('15385', '阿賀町', '150002', false),
('15405', '出雲崎町', '150002', false),
('15461', '湯沢町', '150002', false),
('15482', '津南町', '150002', false),
('15504', '刈羽村', '150002', false),
('15581', '関川村', '150002', false),
('15586', '粟島浦村', '150002', false),
('16201', '富山市', '160008', false),
('16202', '高岡市', '160008', false),
('16204', '魚津市', '160008', false),
('16205', '氷見市', '160008', false),
('16206', '滑川市', '160008', false),
('16207', '黒部市', '160008', false),
('16208', '砺波市', '160008', false),
('16209', '小矢部市', '160008', false),
('16210', '南砺市', '160008', false),
('16211', '射水市', '160008', false),
('16321', '舟橋村', '160008', false),
('16322', '上市町', '160008', false),
('16323', '立山町', '160008', false),
('16342', '入善町', '160008', false),
('16343', '朝日町', '160008', false),
('17201', '金沢市', '170003', false),
('17202', '七尾市', '170003', false),
('17203', '小松市', '170003', false),
('17204', '輪島市', '170003', false),
('17205', '珠洲市', '170003', false),
('17206', '加賀市', '170003', false),
('17207', '羽咋市', '170003', false),
('17209', 'かほく市', '170003', false),
('17210', '白山市', '170003', false),
('17211', '能美市', '170003', false),
('17212', '野々市市', '170003', false),
('17324', '川北町', '170003', false),
('17361', '津幡町', '170003', false),
('17365', '内灘町', '170003', false),
('17384', '志賀町', '170003', false),
('17386', '宝達志水町', '170003', false),
('17407', '中能登町', '170003', false),
('17461', '穴水町', '170003', false),
('17463', '能登町', '170003', false),
('18201', '福井市', '180009', false),
('18202', '敦賀市', '180009', false),
('18204', '小浜市', '180009', false),
('18205', '大野市', '180009', false),
('18206', '勝山市', '180009', false),
('18207', '鯖江市', '180009', false),
('18208', 'あわら市', '180009', false),
('18209', '越前市', '180009', false),
('18210', '坂井市', '180009', false),
('18322', '永平寺町', '180009', false),
('18382', '池田町', '180009', false),
('18404', '南越前町', '180009', false),
('18423', '越前町', '180009', false),
('18442', '美浜町', '180009', false),
('18481', '高浜町', '180009', false),
('18483', 'おおい町', '180009', false),
('18501', '若狭町', '180009', false),
('19201', '甲府市', '190004', false),
('19202', '富士吉田市', '190004', false),
('19204', '都留市', '190004', false),
('19205', '山梨市', '190004', false),
('19206', '大月市', '190004', false),
('19207', '韮崎市', '190004', false),
('19208', '南アルプス市', '190004', false),
('19209', '北杜市', '190004', false),
('19210', '甲斐市', '190004', false),
('19211', '笛吹市', '190004', false),
('19212', '上野原市', '190004', false),
('19213', '甲州市', '190004', false),
('19214', '中央市', '190004', false),
('19346', '市川三郷町', '190004', false),
('19364', '早川町', '190004', false),
('19365', '身延町', '190004', false),
('19366', '南部町', '190004', false),
('19368', '富士川町', '190004', false),
('19384', '昭和町', '190004', false),
('19422', '道志村', '190004', false),
('19423', '西桂町', '190004', false),
('19424', '忍野村', '190004', false),
('19425', '山中湖村', '190004', false),
('19429', '鳴沢村', '190004', false),
('19430', '富士河口湖町', '190004', false),
('19442', '小菅村', '190004', false),
('19443', '丹波山村', '190004', false),
('20201', '長野市', '200000', false),
('20202', '松本市', '200000', false),
('20203', '上田市', '200000', false),
('20204', '岡谷市', '200000', false),
('20205', '飯田市', '200000', false),
('20206', '諏訪市', '200000', false),
('20207', '須坂市', '200000', false),
('20208', '小諸市', '200000', false),
('20209', '伊那市', '200000', false),
('20210', '駒ヶ根市', '200000', false),
('20211', '中野市', '200000', false),
('20212', '大町市', '200000', false),
('20213', '飯山市', '200000', false),
('20214', '茅野市', '200000', false),
('20215', '塩尻市', '200000', false),
('20217', '佐久市', '200000', false),
('20218', '千曲市', '200000', false),
('20219', '東御市', '200000', false),
('20220', '安曇野市', '200000', false),
('20303', '小海町', '200000', false),
('20304', '川上村', '200000', false),
('20305', '南牧村', '200000', false),
('20306', '南相木村', '200000', false),
('20307', '北相木村', '200000', false),
('20309', '佐久穂町', '200000', false),
('20321', '軽井沢町', '200000', false),
('20323', '御代田町', '200000', false),
('20324', '立科町', '200000', false),
('20349', '青木村', '200000', false),
('20350', '長和町', '200000', false),
('20361', '下諏訪町', '200000', false),
('20362', '富士見町', '200000', false),
('20363', '原村', '200000', false),
('20382', '辰野町', '200000', false),
('20383', '箕輪町', '200000', false),
('20384', '飯島町', '200000', false),
('20385', '南箕輪村', '200000', false),
('20386', '中川村', '200000', false),
('20388', '宮田村', '200000', false),
('20402', '松川町', '200000', false),
('20403', '高森町', '200000', false),
('20404', '阿南町', '200000', false),
('20407', '阿智村', '200000', false),
('20409', '平谷村', '200000', false),
('20410', '根羽村', '200000', false),
('20411', '下條村', '200000', false),
('20412', '売木村', '200000', false),
('20413', '天龍村', '200000', false),
('20414', '泰阜村', '200000', false),
('20415', '喬木村', '200000', false),
('20416', '豊丘村', '200000', false),
('20417', '大鹿村', '200000', false),
('20422', '上松町', '200000', false),
('20423', '南木曽町', '200000', false),
('20425', '木祖村', '200000', false),
('20429', '王滝村', '200000', false),
('20430', '大桑村', '200000', false),
('20432', '木曽町', '200000', false),
('20446', '麻績村', '200000', false),
('20448', '生坂村', '200000', false),
('20450', '山形村', '200000', false),
('20451', '朝日村', '200000', false),
('20452', '筑北村', '200000', false),
('20481', '池田町', '200000', false),
('20482', '松川村', '200000', false),
('20485', '白馬村', '200000', false),
('20486', '小谷村', '200000', false),
('20521', '坂城町', '200000', false),
('20541', '小布施町', '200000', false),
('20543', '高山村', '200000', false),
('20561', '山ノ内町', '200000', false),
('20562', '木島平村', '200000', false),
('20563', '野沢温泉村', '200000', false),
('20583', '信濃町', '200000', false),
('20588', '小川村', '200000', false),
('20590', '飯綱町', '200000', false),
('20602', '栄村', '200000', false),
('21201', '岐阜市', '210005', false),
('21202', '大垣市', '210005', false),
('21203', '高山市', '210005', false),
('21204', '多治見市', '210005', false),
('21205', '関市', '210005', false),
('21206', '中津川市', '210005', false),
('21207', '美濃市', '210005', false),
('21208', '瑞浪市', '210005', false),
('21209', '羽島市', '210005', false),
('21210', '恵那市', '210005', false),
('21211', '美濃加茂市', '210005', false),
('21212', '土岐市', '210005', false),
('21213', '各務原市', '210005', false),
('21214', '可児市', '210005', false),
('21215', '山県市', '210005', false),
('21216', '瑞穂市', '210005', false),
('21217', '飛騨市', '210005', false),
('21218', '本巣市', '210005', false),
('21219', '郡上市', '210005', false),
('21220', '下呂市', '210005', false),
('21221', '海津市', '210005', false),
('21302', '岐南町', '210005', false),
('21303', '笠松町', '210005', false),
('21341', '養老町', '210005', false),
('21361', '垂井町', '210005', false),
('21362', '関ケ原町', '210005', false),
('21381', '神戸町', '210005', false),
('21382', '輪之内町', '210005', false),
('21383', '安八町', '210005', false),
('21401', '揖斐川町', '210005', false),
('21403', '大野町', '210005', false),
('21404', '池田町', '210005', false),
('21421', '北方町', '210005', false),
('21501', '坂祝町', '210005', false);

INSERT INTO cities (code, name, prefecture_code, archived)
VALUES
('21502', '富加町', '210005', false),
('21503', '川辺町', '210005', false),
('21504', '七宗町', '210005', false),
('21505', '八百津町', '210005', false),
('21506', '白川町', '210005', false),
('21507', '東白川村', '210005', false),
('21521', '御嵩町', '210005', false),
('21604', '白川村', '210005', false),
('22101', '静岡市葵区', '220001', false),
('22102', '静岡市駿河区', '220001', false),
('22103', '静岡市清水区', '220001', false),
('22131', '浜松市中区', '220001', true),
('22132', '浜松市東区', '220001', true),
('22133', '浜松市西区', '220001', true),
('22134', '浜松市南区', '220001', true),
('22135', '浜松市北区', '220001', true),
('22136', '浜松市浜北区', '220001', true),
('22137', '浜松市天竜区', '220001', true),
('22138', '浜松市中央区', '220001', false),
('22139', '浜松市浜名区', '220001', false),
('22140', '浜松市天竜区', '220001', false),
('22203', '沼津市', '220001', false),
('22205', '熱海市', '220001', false),
('22206', '三島市', '220001', false),
('22207', '富士宮市', '220001', false),
('22208', '伊東市', '220001', false),
('22209', '島田市', '220001', false),
('22210', '富士市', '220001', false),
('22211', '磐田市', '220001', false),
('22212', '焼津市', '220001', false),
('22213', '掛川市', '220001', false),
('22214', '藤枝市', '220001', false),
('22215', '御殿場市', '220001', false),
('22216', '袋井市', '220001', false),
('22219', '下田市', '220001', false),
('22220', '裾野市', '220001', false),
('22221', '湖西市', '220001', false),
('22222', '伊豆市', '220001', false),
('22223', '御前崎市', '220001', false),
('22224', '菊川市', '220001', false),
('22225', '伊豆の国市', '220001', false),
('22226', '牧之原市', '220001', false),
('22301', '東伊豆町', '220001', false),
('22302', '河津町', '220001', false),
('22304', '南伊豆町', '220001', false),
('22305', '松崎町', '220001', false),
('22306', '西伊豆町', '220001', false),
('22325', '函南町', '220001', false),
('22341', '清水町', '220001', false),
('22342', '長泉町', '220001', false),
('22344', '小山町', '220001', false),
('22424', '吉田町', '220001', false),
('22429', '川根本町', '220001', false),
('22461', '森町', '220001', false),
('23101', '名古屋市千種区', '230006', false),
('23102', '名古屋市東区', '230006', false),
('23103', '名古屋市北区', '230006', false),
('23104', '名古屋市西区', '230006', false),
('23105', '名古屋市中村区', '230006', false),
('23106', '名古屋市中区', '230006', false),
('23107', '名古屋市昭和区', '230006', false),
('23108', '名古屋市瑞穂区', '230006', false),
('23109', '名古屋市熱田区', '230006', false),
('23110', '名古屋市中川区', '230006', false),
('23111', '名古屋市港区', '230006', false),
('23112', '名古屋市南区', '230006', false),
('23113', '名古屋市守山区', '230006', false),
('23114', '名古屋市緑区', '230006', false),
('23115', '名古屋市名東区', '230006', false),
('23116', '名古屋市天白区', '230006', false),
('23201', '豊橋市', '230006', false),
('23202', '岡崎市', '230006', false),
('23203', '一宮市', '230006', false),
('23204', '瀬戸市', '230006', false),
('23205', '半田市', '230006', false),
('23206', '春日井市', '230006', false),
('23207', '豊川市', '230006', false),
('23208', '津島市', '230006', false),
('23209', '碧南市', '230006', false),
('23210', '刈谷市', '230006', false),
('23211', '豊田市', '230006', false),
('23212', '安城市', '230006', false),
('23213', '西尾市', '230006', false),
('23214', '蒲郡市', '230006', false),
('23215', '犬山市', '230006', false),
('23216', '常滑市', '230006', false),
('23217', '江南市', '230006', false),
('23219', '小牧市', '230006', false),
('23220', '稲沢市', '230006', false),
('23221', '新城市', '230006', false),
('23222', '東海市', '230006', false),
('23223', '大府市', '230006', false),
('23224', '知多市', '230006', false),
('23225', '知立市', '230006', false),
('23226', '尾張旭市', '230006', false),
('23227', '高浜市', '230006', false),
('23228', '岩倉市', '230006', false),
('23229', '豊明市', '230006', false),
('23230', '日進市', '230006', false),
('23231', '田原市', '230006', false),
('23232', '愛西市', '230006', false),
('23233', '清須市', '230006', false),
('23234', '北名古屋市', '230006', false),
('23235', '弥富市', '230006', false),
('23236', 'みよし市', '230006', false),
('23237', 'あま市', '230006', false),
('23238', '長久手市', '230006', false),
('23302', '東郷町', '230006', false),
('23342', '豊山町', '230006', false),
('23361', '大口町', '230006', false),
('23362', '扶桑町', '230006', false),
('23424', '大治町', '230006', false),
('23425', '蟹江町', '230006', false),
('23427', '飛島村', '230006', false),
('23441', '阿久比町', '230006', false),
('23442', '東浦町', '230006', false),
('23445', '南知多町', '230006', false),
('23446', '美浜町', '230006', false),
('23447', '武豊町', '230006', false),
('23501', '幸田町', '230006', false),
('23561', '設楽町', '230006', false),
('23562', '東栄町', '230006', false),
('23563', '豊根村', '230006', false),
('24201', '津市', '240001', false),
('24202', '四日市市', '240001', false),
('24203', '伊勢市', '240001', false),
('24204', '松阪市', '240001', false),
('24205', '桑名市', '240001', false),
('24207', '鈴鹿市', '240001', false),
('24208', '名張市', '240001', false),
('24209', '尾鷲市', '240001', false),
('24210', '亀山市', '240001', false),
('24211', '鳥羽市', '240001', false),
('24212', '熊野市', '240001', false),
('24214', 'いなべ市', '240001', false),
('24215', '志摩市', '240001', false),
('24216', '伊賀市', '240001', false),
('24303', '木曽岬町', '240001', false),
('24324', '東員町', '240001', false),
('24341', '菰野町', '240001', false),
('24343', '朝日町', '240001', false),
('24344', '川越町', '240001', false),
('24441', '多気町', '240001', false),
('24442', '明和町', '240001', false),
('24443', '大台町', '240001', false),
('24461', '玉城町', '240001', false),
('24470', '度会町', '240001', false),
('24471', '大紀町', '240001', false),
('24472', '南伊勢町', '240001', false),
('24543', '紀北町', '240001', false),
('24561', '御浜町', '240001', false),
('24562', '紀宝町', '240001', false),
('25201', '大津市', '250007', false),
('25202', '彦根市', '250007', false),
('25203', '長浜市', '250007', false),
('25204', '近江八幡市', '250007', false),
('25206', '草津市', '250007', false),
('25207', '守山市', '250007', false),
('25208', '栗東市', '250007', false),
('25209', '甲賀市', '250007', false),
('25210', '野洲市', '250007', false),
('25211', '湖南市', '250007', false),
('25212', '高島市', '250007', false),
('25213', '東近江市', '250007', false),
('25214', '米原市', '250007', false),
('25383', '日野町', '250007', false),
('25384', '竜王町', '250007', false),
('25425', '愛荘町', '250007', false),
('25441', '豊郷町', '250007', false),
('25442', '甲良町', '250007', false),
('25443', '多賀町', '250007', false),
('26101', '京都市北区', '260002', false),
('26102', '京都市上京区', '260002', false),
('26103', '京都市左京区', '260002', false),
('26104', '京都市中京区', '260002', false),
('26105', '京都市東山区', '260002', false),
('26106', '京都市下京区', '260002', false),
('26107', '京都市南区', '260002', false),
('26108', '京都市右京区', '260002', false),
('26109', '京都市伏見区', '260002', false),
('26110', '京都市山科区', '260002', false),
('26111', '京都市西京区', '260002', false),
('26201', '福知山市', '260002', false),
('26202', '舞鶴市', '260002', false),
('26203', '綾部市', '260002', false),
('26204', '宇治市', '260002', false),
('26205', '宮津市', '260002', false),
('26206', '亀岡市', '260002', false),
('26207', '城陽市', '260002', false),
('26208', '向日市', '260002', false),
('26209', '長岡京市', '260002', false),
('26210', '八幡市', '260002', false),
('26211', '京田辺市', '260002', false),
('26212', '京丹後市', '260002', false),
('26213', '南丹市', '260002', false),
('26214', '木津川市', '260002', false),
('26303', '大山崎町', '260002', false),
('26322', '久御山町', '260002', false),
('26343', '井手町', '260002', false),
('26344', '宇治田原町', '260002', false),
('26364', '笠置町', '260002', false),
('26365', '和束町', '260002', false),
('26366', '精華町', '260002', false),
('26367', '南山城村', '260002', false),
('26407', '京丹波町', '260002', false),
('26463', '伊根町', '260002', false),
('26465', '与謝野町', '260002', false),
('27102', '大阪市都島区', '270008', false),
('27103', '大阪市福島区', '270008', false),
('27104', '大阪市此花区', '270008', false),
('27106', '大阪市西区', '270008', false),
('27107', '大阪市港区', '270008', false),
('27108', '大阪市大正区', '270008', false),
('27109', '大阪市天王寺区', '270008', false),
('27111', '大阪市浪速区', '270008', false),
('27113', '大阪市西淀川区', '270008', false),
('27114', '大阪市東淀川区', '270008', false),
('27115', '大阪市東成区', '270008', false),
('27116', '大阪市生野区', '270008', false),
('27117', '大阪市旭区', '270008', false),
('27118', '大阪市城東区', '270008', false),
('27119', '大阪市阿倍野区', '270008', false),
('27120', '大阪市住吉区', '270008', false),
('27121', '大阪市東住吉区', '270008', false),
('27122', '大阪市西成区', '270008', false),
('27123', '大阪市淀川区', '270008', false),
('27124', '大阪市鶴見区', '270008', false),
('27125', '大阪市住之江区', '270008', false),
('27126', '大阪市平野区', '270008', false),
('27127', '大阪市北区', '270008', false),
('27128', '大阪市中央区', '270008', false),
('27141', '堺市堺区', '270008', false),
('27142', '堺市中区', '270008', false),
('27143', '堺市東区', '270008', false),
('27144', '堺市西区', '270008', false),
('27145', '堺市南区', '270008', false),
('27146', '堺市北区', '270008', false),
('27147', '堺市美原区', '270008', false),
('27202', '岸和田市', '270008', false),
('27203', '豊中市', '270008', false),
('27204', '池田市', '270008', false),
('27205', '吹田市', '270008', false),
('27206', '泉大津市', '270008', false),
('27207', '高槻市', '270008', false),
('27208', '貝塚市', '270008', false),
('27209', '守口市', '270008', false),
('27210', '枚方市', '270008', false),
('27211', '茨木市', '270008', false),
('27212', '八尾市', '270008', false),
('27213', '泉佐野市', '270008', false);

INSERT INTO cities (code, name, prefecture_code, archived)
VALUES
('27214', '富田林市', '270008', false),
('27215', '寝屋川市', '270008', false),
('27216', '河内長野市', '270008', false),
('27217', '松原市', '270008', false),
('27218', '大東市', '270008', false),
('27219', '和泉市', '270008', false),
('27220', '箕面市', '270008', false),
('27221', '柏原市', '270008', false),
('27222', '羽曳野市', '270008', false),
('27223', '門真市', '270008', false),
('27224', '摂津市', '270008', false),
('27225', '高石市', '270008', false),
('27226', '藤井寺市', '270008', false),
('27227', '東大阪市', '270008', false),
('27228', '泉南市', '270008', false),
('27229', '四條畷市', '270008', false),
('27230', '交野市', '270008', false),
('27231', '大阪狭山市', '270008', false),
('27232', '阪南市', '270008', false),
('27301', '島本町', '270008', false),
('27321', '豊能町', '270008', false),
('27322', '能勢町', '270008', false),
('27341', '忠岡町', '270008', false),
('27361', '熊取町', '270008', false),
('27362', '田尻町', '270008', false),
('27366', '岬町', '270008', false),
('27381', '太子町', '270008', false),
('27382', '河南町', '270008', false),
('27383', '千早赤阪村', '270008', false),
('28101', '神戸市東灘区', '280003', false),
('28102', '神戸市灘区', '280003', false),
('28105', '神戸市兵庫区', '280003', false),
('28106', '神戸市長田区', '280003', false),
('28107', '神戸市須磨区', '280003', false),
('28108', '神戸市垂水区', '280003', false),
('28109', '神戸市北区', '280003', false),
('28110', '神戸市中央区', '280003', false),
('28111', '神戸市西区', '280003', false),
('28201', '姫路市', '280003', false),
('28202', '尼崎市', '280003', false),
('28203', '明石市', '280003', false),
('28204', '西宮市', '280003', false),
('28205', '洲本市', '280003', false),
('28206', '芦屋市', '280003', false),
('28207', '伊丹市', '280003', false),
('28208', '相生市', '280003', false),
('28209', '豊岡市', '280003', false),
('28210', '加古川市', '280003', false),
('28212', '赤穂市', '280003', false),
('28213', '西脇市', '280003', false),
('28214', '宝塚市', '280003', false),
('28215', '三木市', '280003', false),
('28216', '高砂市', '280003', false),
('28217', '川西市', '280003', false),
('28218', '小野市', '280003', false),
('28219', '三田市', '280003', false),
('28220', '加西市', '280003', false),
('28221', '丹波篠山市', '280003', false),
('28222', '養父市', '280003', false),
('28223', '丹波市', '280003', false),
('28224', '南あわじ市', '280003', false),
('28225', '朝来市', '280003', false),
('28226', '淡路市', '280003', false),
('28227', '宍粟市', '280003', false),
('28228', '加東市', '280003', false),
('28229', 'たつの市', '280003', false),
('28301', '猪名川町', '280003', false),
('28365', '多可町', '280003', false),
('28381', '稲美町', '280003', false),
('28382', '播磨町', '280003', false),
('28442', '市川町', '280003', false),
('28443', '福崎町', '280003', false),
('28446', '神河町', '280003', false),
('28464', '太子町', '280003', false),
('28481', '上郡町', '280003', false),
('28501', '佐用町', '280003', false),
('28585', '香美町', '280003', false),
('28586', '新温泉町', '280003', false),
('29201', '奈良市', '290009', false),
('29202', '大和高田市', '290009', false),
('29203', '大和郡山市', '290009', false),
('29204', '天理市', '290009', false),
('29205', '橿原市', '290009', false),
('29206', '桜井市', '290009', false),
('29207', '五條市', '290009', false),
('29208', '御所市', '290009', false),
('29209', '生駒市', '290009', false),
('29210', '香芝市', '290009', false),
('29211', '葛城市', '290009', false),
('29212', '宇陀市', '290009', false),
('29322', '山添村', '290009', false),
('29342', '平群町', '290009', false),
('29343', '三郷町', '290009', false),
('29344', '斑鳩町', '290009', false),
('29345', '安堵町', '290009', false),
('29361', '川西町', '290009', false),
('29362', '三宅町', '290009', false),
('29363', '田原本町', '290009', false),
('29385', '曽爾村', '290009', false),
('29386', '御杖村', '290009', false),
('29401', '高取町', '290009', false),
('29402', '明日香村', '290009', false),
('29424', '上牧町', '290009', false),
('29425', '王寺町', '290009', false),
('29426', '広陵町', '290009', false),
('29427', '河合町', '290009', false),
('29441', '吉野町', '290009', false),
('29442', '大淀町', '290009', false),
('29443', '下市町', '290009', false),
('29444', '黒滝村', '290009', false),
('29446', '天川村', '290009', false),
('29447', '野迫川村', '290009', false),
('29449', '十津川村', '290009', false),
('29450', '下北山村', '290009', false),
('29451', '上北山村', '290009', false),
('29452', '川上村', '290009', false),
('29453', '東吉野村', '290009', false),
('30201', '和歌山市', '300004', false),
('30202', '海南市', '300004', false),
('30203', '橋本市', '300004', false),
('30204', '有田市', '300004', false),
('30205', '御坊市', '300004', false),
('30206', '田辺市', '300004', false),
('30207', '新宮市', '300004', false),
('30208', '紀の川市', '300004', false),
('30209', '岩出市', '300004', false),
('30304', '紀美野町', '300004', false),
('30341', 'かつらぎ町', '300004', false),
('30343', '九度山町', '300004', false),
('30344', '高野町', '300004', false),
('30361', '湯浅町', '300004', false),
('30362', '広川町', '300004', false),
('30366', '有田川町', '300004', false),
('30381', '美浜町', '300004', false),
('30382', '日高町', '300004', false),
('30383', '由良町', '300004', false),
('30390', '印南町', '300004', false),
('30391', 'みなべ町', '300004', false),
('30392', '日高川町', '300004', false),
('30401', '白浜町', '300004', false),
('30404', '上富田町', '300004', false),
('30406', 'すさみ町', '300004', false),
('30421', '那智勝浦町', '300004', false),
('30422', '太地町', '300004', false),
('30424', '古座川町', '300004', false),
('30427', '北山村', '300004', false),
('30428', '串本町', '300004', false),
('31201', '鳥取市', '310000', false),
('31202', '米子市', '310000', false),
('31203', '倉吉市', '310000', false),
('31204', '境港市', '310000', false),
('31302', '岩美町', '310000', false),
('31325', '若桜町', '310000', false),
('31328', '智頭町', '310000', false),
('31329', '八頭町', '310000', false),
('31364', '三朝町', '310000', false),
('31370', '湯梨浜町', '310000', false),
('31371', '琴浦町', '310000', false),
('31372', '北栄町', '310000', false),
('31384', '日吉津村', '310000', false),
('31386', '大山町', '310000', false),
('31389', '南部町', '310000', false),
('31390', '伯耆町', '310000', false),
('31401', '日南町', '310000', false),
('31402', '日野町', '310000', false),
('31403', '江府町', '310000', false),
('32201', '松江市', '320005', false),
('32202', '浜田市', '320005', false),
('32203', '出雲市', '320005', false),
('32204', '益田市', '320005', false),
('32205', '大田市', '320005', false),
('32206', '安来市', '320005', false),
('32207', '江津市', '320005', false),
('32209', '雲南市', '320005', false),
('32343', '奥出雲町', '320005', false),
('32386', '飯南町', '320005', false),
('32441', '川本町', '320005', false),
('32448', '美郷町', '320005', false),
('32449', '邑南町', '320005', false),
('32501', '津和野町', '320005', false),
('32505', '吉賀町', '320005', false),
('32525', '海士町', '320005', false),
('32526', '西ノ島町', '320005', false),
('32527', '知夫村', '320005', false),
('32528', '隠岐の島町', '320005', false),
('33101', '岡山市北区', '330001', false),
('33102', '岡山市中区', '330001', false),
('33103', '岡山市東区', '330001', false),
('33104', '岡山市南区', '330001', false),
('33202', '倉敷市', '330001', false),
('33203', '津山市', '330001', false),
('33204', '玉野市', '330001', false),
('33205', '笠岡市', '330001', false),
('33207', '井原市', '330001', false),
('33208', '総社市', '330001', false),
('33209', '高梁市', '330001', false),
('33210', '新見市', '330001', false),
('33211', '備前市', '330001', false),
('33212', '瀬戸内市', '330001', false),
('33213', '赤磐市', '330001', false),
('33214', '真庭市', '330001', false),
('33215', '美作市', '330001', false),
('33216', '浅口市', '330001', false),
('33346', '和気町', '330001', false),
('33423', '早島町', '330001', false),
('33445', '里庄町', '330001', false),
('33461', '矢掛町', '330001', false),
('33586', '新庄村', '330001', false),
('33606', '鏡野町', '330001', false),
('33622', '勝央町', '330001', false),
('33623', '奈義町', '330001', false),
('33643', '西粟倉村', '330001', false),
('33663', '久米南町', '330001', false),
('33666', '美咲町', '330001', false),
('33681', '吉備中央町', '330001', false),
('34101', '広島市中区', '340006', false),
('34102', '広島市東区', '340006', false),
('34103', '広島市南区', '340006', false),
('34104', '広島市西区', '340006', false),
('34105', '広島市安佐南区', '340006', false),
('34106', '広島市安佐北区', '340006', false),
('34107', '広島市安芸区', '340006', false),
('34108', '広島市佐伯区', '340006', false),
('34202', '呉市', '340006', false),
('34203', '竹原市', '340006', false),
('34204', '三原市', '340006', false),
('34205', '尾道市', '340006', false),
('34207', '福山市', '340006', false),
('34208', '府中市', '340006', false),
('34209', '三次市', '340006', false),
('34210', '庄原市', '340006', false),
('34211', '大竹市', '340006', false),
('34212', '東広島市', '340006', false),
('34213', '廿日市市', '340006', false),
('34214', '安芸高田市', '340006', false),
('34215', '江田島市', '340006', false),
('34302', '府中町', '340006', false),
('34304', '海田町', '340006', false),
('34307', '熊野町', '340006', false),
('34309', '坂町', '340006', false),
('34368', '安芸太田町', '340006', false),
('34369', '北広島町', '340006', false),
('34431', '大崎上島町', '340006', false),
('34462', '世羅町', '340006', false),
('34545', '神石高原町', '340006', false),
('35201', '下関市', '350001', false),
('35202', '宇部市', '350001', false),
('35203', '山口市', '350001', false),
('35204', '萩市', '350001', false),
('35206', '防府市', '350001', false);

INSERT INTO cities (code, name, prefecture_code, archived)
VALUES
('35207', '下松市', '350001', false),
('35208', '岩国市', '350001', false),
('35210', '光市', '350001', false),
('35211', '長門市', '350001', false),
('35212', '柳井市', '350001', false),
('35213', '美祢市', '350001', false),
('35215', '周南市', '350001', false),
('35216', '山陽小野田市', '350001', false),
('35305', '周防大島町', '350001', false),
('35321', '和木町', '350001', false),
('35341', '上関町', '350001', false),
('35343', '田布施町', '350001', false),
('35344', '平生町', '350001', false),
('35502', '阿武町', '350001', false),
('36201', '徳島市', '360007', false),
('36202', '鳴門市', '360007', false),
('36203', '小松島市', '360007', false),
('36204', '阿南市', '360007', false),
('36205', '吉野川市', '360007', false),
('36206', '阿波市', '360007', false),
('36207', '美馬市', '360007', false),
('36208', '三好市', '360007', false),
('36301', '勝浦町', '360007', false),
('36302', '上勝町', '360007', false),
('36321', '佐那河内村', '360007', false),
('36341', '石井町', '360007', false),
('36342', '神山町', '360007', false),
('36368', '那賀町', '360007', false),
('36383', '牟岐町', '360007', false),
('36387', '美波町', '360007', false),
('36388', '海陽町', '360007', false),
('36401', '松茂町', '360007', false),
('36402', '北島町', '360007', false),
('36403', '藍住町', '360007', false),
('36404', '板野町', '360007', false),
('36405', '上板町', '360007', false),
('36468', 'つるぎ町', '360007', false),
('36489', '東みよし町', '360007', false),
('37201', '高松市', '370002', false),
('37202', '丸亀市', '370002', false),
('37203', '坂出市', '370002', false),
('37204', '善通寺市', '370002', false),
('37205', '観音寺市', '370002', false),
('37206', 'さぬき市', '370002', false),
('37207', '東かがわ市', '370002', false),
('37208', '三豊市', '370002', false),
('37322', '土庄町', '370002', false),
('37324', '小豆島町', '370002', false),
('37341', '三木町', '370002', false),
('37364', '直島町', '370002', false),
('37386', '宇多津町', '370002', false),
('37387', '綾川町', '370002', false),
('37403', '琴平町', '370002', false),
('37404', '多度津町', '370002', false),
('37406', 'まんのう町', '370002', false),
('38201', '松山市', '380008', false),
('38202', '今治市', '380008', false),
('38203', '宇和島市', '380008', false),
('38204', '八幡浜市', '380008', false),
('38205', '新居浜市', '380008', false),
('38206', '西条市', '380008', false),
('38207', '大洲市', '380008', false),
('38210', '伊予市', '380008', false),
('38213', '四国中央市', '380008', false),
('38214', '西予市', '380008', false),
('38215', '東温市', '380008', false),
('38356', '上島町', '380008', false),
('38386', '久万高原町', '380008', false),
('38401', '松前町', '380008', false),
('38402', '砥部町', '380008', false),
('38422', '内子町', '380008', false),
('38442', '伊方町', '380008', false),
('38484', '松野町', '380008', false),
('38488', '鬼北町', '380008', false),
('38506', '愛南町', '380008', false),
('39201', '高知市', '390003', false),
('39202', '室戸市', '390003', false),
('39203', '安芸市', '390003', false),
('39204', '南国市', '390003', false),
('39205', '土佐市', '390003', false),
('39206', '須崎市', '390003', false),
('39208', '宿毛市', '390003', false),
('39209', '土佐清水市', '390003', false),
('39210', '四万十市', '390003', false),
('39211', '香南市', '390003', false),
('39212', '香美市', '390003', false),
('39301', '東洋町', '390003', false),
('39302', '奈半利町', '390003', false),
('39303', '田野町', '390003', false),
('39304', '安田町', '390003', false),
('39305', '北川村', '390003', false),
('39306', '馬路村', '390003', false),
('39307', '芸西村', '390003', false),
('39341', '本山町', '390003', false),
('39344', '大豊町', '390003', false),
('39363', '土佐町', '390003', false),
('39364', '大川村', '390003', false),
('39386', 'いの町', '390003', false),
('39387', '仁淀川町', '390003', false),
('39401', '中土佐町', '390003', false),
('39402', '佐川町', '390003', false),
('39403', '越知町', '390003', false),
('39405', '梼原町', '390003', false),
('39410', '日高村', '390003', false),
('39411', '津野町', '390003', false),
('39412', '四万十町', '390003', false),
('39424', '大月町', '390003', false),
('39427', '三原村', '390003', false),
('39428', '黒潮町', '390003', false),
('40101', '北九州市門司区', '400009', false),
('40103', '北九州市若松区', '400009', false),
('40105', '北九州市戸畑区', '400009', false),
('40106', '北九州市小倉北区', '400009', false),
('40107', '北九州市小倉南区', '400009', false),
('40108', '北九州市八幡東区', '400009', false),
('40109', '北九州市八幡西区', '400009', false),
('40131', '福岡市東区', '400009', false),
('40132', '福岡市博多区', '400009', false),
('40133', '福岡市中央区', '400009', false),
('40134', '福岡市南区', '400009', false),
('40135', '福岡市西区', '400009', false),
('40136', '福岡市城南区', '400009', false),
('40137', '福岡市早良区', '400009', false),
('40202', '大牟田市', '400009', false),
('40203', '久留米市', '400009', false),
('40204', '直方市', '400009', false),
('40205', '飯塚市', '400009', false),
('40206', '田川市', '400009', false),
('40207', '柳川市', '400009', false),
('40210', '八女市', '400009', false),
('40211', '筑後市', '400009', false),
('40212', '大川市', '400009', false),
('40213', '行橋市', '400009', false),
('40214', '豊前市', '400009', false),
('40215', '中間市', '400009', false),
('40216', '小郡市', '400009', false),
('40217', '筑紫野市', '400009', false),
('40218', '春日市', '400009', false),
('40219', '大野城市', '400009', false),
('40220', '宗像市', '400009', false),
('40221', '太宰府市', '400009', false),
('40223', '古賀市', '400009', false),
('40224', '福津市', '400009', false),
('40225', 'うきは市', '400009', false),
('40226', '宮若市', '400009', false),
('40227', '嘉麻市', '400009', false),
('40228', '朝倉市', '400009', false),
('40229', 'みやま市', '400009', false),
('40230', '糸島市', '400009', false),
('40231', '那珂川市', '400009', false),
('40305', '那珂川町', '400009', true),
('40341', '宇美町', '400009', false),
('40342', '篠栗町', '400009', false),
('40343', '志免町', '400009', false),
('40344', '須恵町', '400009', false),
('40345', '新宮町', '400009', false),
('40348', '久山町', '400009', false),
('40349', '粕屋町', '400009', false),
('40381', '芦屋町', '400009', false),
('40382', '水巻町', '400009', false),
('40383', '岡垣町', '400009', false),
('40384', '遠賀町', '400009', false),
('40401', '小竹町', '400009', false),
('40402', '鞍手町', '400009', false),
('40421', '桂川町', '400009', false),
('40447', '筑前町', '400009', false),
('40448', '東峰村', '400009', false),
('40503', '大刀洗町', '400009', false),
('40522', '大木町', '400009', false),
('40544', '広川町', '400009', false),
('40601', '香春町', '400009', false),
('40602', '添田町', '400009', false),
('40604', '糸田町', '400009', false),
('40605', '川崎町', '400009', false),
('40608', '大任町', '400009', false),
('40609', '赤村', '400009', false),
('40610', '福智町', '400009', false),
('40621', '苅田町', '400009', false),
('40625', 'みやこ町', '400009', false),
('40642', '吉富町', '400009', false),
('40646', '上毛町', '400009', false),
('40647', '築上町', '400009', false),
('41201', '佐賀市', '410004', false),
('41202', '唐津市', '410004', false),
('41203', '鳥栖市', '410004', false),
('41204', '多久市', '410004', false),
('41205', '伊万里市', '410004', false),
('41206', '武雄市', '410004', false),
('41207', '鹿島市', '410004', false),
('41208', '小城市', '410004', false),
('41209', '嬉野市', '410004', false),
('41210', '神埼市', '410004', false),
('41327', '吉野ヶ里町', '410004', false),
('41341', '基山町', '410004', false),
('41345', '上峰町', '410004', false),
('41346', 'みやき町', '410004', false),
('41387', '玄海町', '410004', false),
('41401', '有田町', '410004', false),
('41423', '大町町', '410004', false),
('41424', '江北町', '410004', false),
('41425', '白石町', '410004', false),
('41441', '太良町', '410004', false),
('42201', '長崎市', '420000', false),
('42202', '佐世保市', '420000', false),
('42203', '島原市', '420000', false),
('42204', '諫早市', '420000', false),
('42205', '大村市', '420000', false),
('42207', '平戸市', '420000', false),
('42208', '松浦市', '420000', false),
('42209', '対馬市', '420000', false),
('42210', '壱岐市', '420000', false),
('42211', '五島市', '420000', false),
('42212', '西海市', '420000', false),
('42213', '雲仙市', '420000', false),
('42214', '南島原市', '420000', false),
('42307', '長与町', '420000', false),
('42308', '時津町', '420000', false),
('42321', '東彼杵町', '420000', false),
('42322', '川棚町', '420000', false),
('42323', '波佐見町', '420000', false),
('42383', '小値賀町', '420000', false),
('42391', '佐々町', '420000', false),
('42411', '新上五島町', '420000', false),
('43101', '熊本市中央区', '430005', false),
('43102', '熊本市東区', '430005', false),
('43103', '熊本市西区', '430005', false),
('43104', '熊本市南区', '430005', false),
('43105', '熊本市北区', '430005', false),
('43202', '八代市', '430005', false),
('43203', '人吉市', '430005', false),
('43204', '荒尾市', '430005', false),
('43205', '水俣市', '430005', false),
('43206', '玉名市', '430005', false),
('43208', '山鹿市', '430005', false),
('43210', '菊池市', '430005', false),
('43211', '宇土市', '430005', false),
('43212', '上天草市', '430005', false),
('43213', '宇城市', '430005', false),
('43214', '阿蘇市', '430005', false),
('43215', '天草市', '430005', false),
('43216', '合志市', '430005', false),
('43348', '美里町', '430005', false),
('43364', '玉東町', '430005', false),
('43367', '南関町', '430005', false),
('43368', '長洲町', '430005', false),
('43369', '和水町', '430005', false),
('43403', '大津町', '430005', false),
('43404', '菊陽町', '430005', false),
('43423', '南小国町', '430005', false),
('43424', '小国町', '430005', false);

INSERT INTO cities (code, name, prefecture_code, archived)
VALUES
('43425', '産山村', '430005', false),
('43428', '高森町', '430005', false),
('43432', '西原村', '430005', false),
('43433', '南阿蘇村', '430005', false),
('43441', '御船町', '430005', false),
('43442', '嘉島町', '430005', false),
('43443', '益城町', '430005', false),
('43444', '甲佐町', '430005', false),
('43447', '山都町', '430005', false),
('43468', '氷川町', '430005', false),
('43482', '芦北町', '430005', false),
('43484', '津奈木町', '430005', false),
('43501', '錦町', '430005', false),
('43505', '多良木町', '430005', false),
('43506', '湯前町', '430005', false),
('43507', '水上村', '430005', false),
('43510', '相良村', '430005', false),
('43511', '五木村', '430005', false),
('43512', '山江村', '430005', false),
('43513', '球磨村', '430005', false),
('43514', 'あさぎり町', '430005', false),
('43531', '苓北町', '430005', false),
('44201', '大分市', '440001', false),
('44202', '別府市', '440001', false),
('44203', '中津市', '440001', false),
('44204', '日田市', '440001', false),
('44205', '佐伯市', '440001', false),
('44206', '臼杵市', '440001', false),
('44207', '津久見市', '440001', false),
('44208', '竹田市', '440001', false),
('44209', '豊後高田市', '440001', false),
('44210', '杵築市', '440001', false),
('44211', '宇佐市', '440001', false),
('44212', '豊後大野市', '440001', false),
('44213', '由布市', '440001', false),
('44214', '国東市', '440001', false),
('44322', '姫島村', '440001', false),
('44341', '日出町', '440001', false),
('44461', '九重町', '440001', false),
('44462', '玖珠町', '440001', false),
('45201', '宮崎市', '450006', false),
('45202', '都城市', '450006', false),
('45203', '延岡市', '450006', false),
('45204', '日南市', '450006', false),
('45205', '小林市', '450006', false),
('45206', '日向市', '450006', false),
('45207', '串間市', '450006', false),
('45208', '西都市', '450006', false),
('45209', 'えびの市', '450006', false),
('45341', '三股町', '450006', false),
('45361', '高原町', '450006', false),
('45382', '国富町', '450006', false),
('45383', '綾町', '450006', false),
('45401', '高鍋町', '450006', false),
('45402', '新富町', '450006', false),
('45403', '西米良村', '450006', false),
('45404', '木城町', '450006', false),
('45405', '川南町', '450006', false),
('45406', '都農町', '450006', false),
('45421', '門川町', '450006', false),
('45429', '諸塚村', '450006', false),
('45430', '椎葉村', '450006', false),
('45431', '美郷町', '450006', false),
('45441', '高千穂町', '450006', false),
('45442', '日之影町', '450006', false),
('45443', '五ヶ瀬町', '450006', false),
('46201', '鹿児島市', '460001', false),
('46203', '鹿屋市', '460001', false),
('46204', '枕崎市', '460001', false),
('46206', '阿久根市', '460001', false),
('46208', '出水市', '460001', false),
('46210', '指宿市', '460001', false),
('46213', '西之表市', '460001', false),
('46214', '垂水市', '460001', false),
('46215', '薩摩川内市', '460001', false),
('46216', '日置市', '460001', false),
('46217', '曽於市', '460001', false),
('46218', '霧島市', '460001', false),
('46219', 'いちき串木野市', '460001', false),
('46220', '南さつま市', '460001', false),
('46221', '志布志市', '460001', false),
('46222', '奄美市', '460001', false),
('46223', '南九州市', '460001', false),
('46224', '伊佐市', '460001', false),
('46225', '姶良市', '460001', false),
('46303', '三島村', '460001', false),
('46304', '十島村', '460001', false),
('46392', 'さつま町', '460001', false),
('46404', '長島町', '460001', false),
('46452', '湧水町', '460001', false),
('46468', '大崎町', '460001', false),
('46482', '東串良町', '460001', false),
('46490', '錦江町', '460001', false),
('46491', '南大隅町', '460001', false),
('46492', '肝付町', '460001', false),
('46501', '中種子町', '460001', false),
('46502', '南種子町', '460001', false),
('46505', '屋久島町', '460001', false),
('46523', '大和村', '460001', false),
('46524', '宇検村', '460001', false),
('46525', '瀬戸内町', '460001', false),
('46527', '龍郷町', '460001', false),
('46529', '喜界町', '460001', false),
('46530', '徳之島町', '460001', false),
('46531', '天城町', '460001', false),
('46532', '伊仙町', '460001', false),
('46533', '和泊町', '460001', false),
('46534', '知名町', '460001', false),
('46535', '与論町', '460001', false),
('47201', '那覇市', '470007', false),
('47205', '宜野湾市', '470007', false),
('47207', '石垣市', '470007', false),
('47208', '浦添市', '470007', false),
('47209', '名護市', '470007', false),
('47210', '糸満市', '470007', false),
('47211', '沖縄市', '470007', false),
('47212', '豊見城市', '470007', false),
('47213', 'うるま市', '470007', false),
('47214', '宮古島市', '470007', false),
('47215', '南城市', '470007', false),
('47301', '国頭村', '470007', false),
('47302', '大宜味村', '470007', false),
('47303', '東村', '470007', false),
('47306', '今帰仁村', '470007', false),
('47308', '本部町', '470007', false),
('47311', '恩納村', '470007', false),
('47313', '宜野座村', '470007', false),
('47314', '金武町', '470007', false),
('47315', '伊江村', '470007', false),
('47324', '読谷村', '470007', false),
('47325', '嘉手納町', '470007', false),
('47326', '北谷町', '470007', false),
('47327', '北中城村', '470007', false),
('47328', '中城村', '470007', false),
('47329', '西原町', '470007', false),
('47348', '与那原町', '470007', false),
('47350', '南風原町', '470007', false),
('47353', '渡嘉敷村', '470007', false),
('47354', '座間味村', '470007', false),
('47355', '粟国村', '470007', false),
('47356', '渡名喜村', '470007', false),
('47357', '南大東村', '470007', false),
('47358', '北大東村', '470007', false),
('47359', '伊平屋村', '470007', false),
('47360', '伊是名村', '470007', false),
('47361', '久米島町', '470007', false),
('47362', '八重瀬町', '470007', false),
('47375', '多良間村', '470007', false),
('47381', '竹富町', '470007', false),
('47382', '与那国町', '470007', false);

INSERT INTO cities_histories (ancestor, descendant)
VALUES
('01101', '01101'),
('01102', '01102'),
('01103', '01103'),
('01104', '01104'),
('01105', '01105'),
('01106', '01106'),
('01107', '01107'),
('01108', '01108'),
('01109', '01109'),
('01110', '01110'),
('01202', '01202'),
('01203', '01203'),
('01204', '01204'),
('01205', '01205'),
('01206', '01206'),
('01207', '01207'),
('01208', '01208'),
('01209', '01209'),
('01210', '01210'),
('01211', '01211'),
('01212', '01212'),
('01213', '01213'),
('01214', '01214'),
('01215', '01215'),
('01216', '01216'),
('01217', '01217'),
('01218', '01218'),
('01219', '01219'),
('01220', '01220'),
('01221', '01221'),
('01222', '01222'),
('01223', '01223'),
('01224', '01224'),
('01225', '01225'),
('01226', '01226'),
('01227', '01227'),
('01228', '01228'),
('01229', '01229'),
('01230', '01230'),
('01231', '01231'),
('01233', '01233'),
('01234', '01234'),
('01235', '01235'),
('01236', '01236'),
('01303', '01303'),
('01304', '01304'),
('01331', '01331'),
('01332', '01332'),
('01333', '01333'),
('01334', '01334'),
('01337', '01337'),
('01343', '01343'),
('01345', '01345'),
('01346', '01346'),
('01347', '01347'),
('01361', '01361'),
('01362', '01362'),
('01363', '01363'),
('01364', '01364'),
('01367', '01367'),
('01370', '01370'),
('01371', '01371'),
('01391', '01391'),
('01392', '01392'),
('01393', '01393'),
('01394', '01394'),
('01395', '01395'),
('01396', '01396'),
('01397', '01397'),
('01398', '01398'),
('01399', '01399'),
('01400', '01400'),
('01401', '01401'),
('01402', '01402'),
('01403', '01403'),
('01404', '01404'),
('01405', '01405'),
('01406', '01406'),
('01407', '01407'),
('01408', '01408'),
('01409', '01409'),
('01423', '01423'),
('01424', '01424'),
('01425', '01425'),
('01427', '01427'),
('01428', '01428'),
('01429', '01429'),
('01430', '01430'),
('01431', '01431'),
('01432', '01432'),
('01433', '01433'),
('01434', '01434'),
('01436', '01436'),
('01437', '01437'),
('01438', '01438'),
('01452', '01452'),
('01453', '01453'),
('01454', '01454'),
('01455', '01455'),
('01456', '01456'),
('01457', '01457'),
('01458', '01458'),
('01459', '01459'),
('01460', '01460'),
('01461', '01461'),
('01462', '01462'),
('01463', '01463'),
('01464', '01464'),
('01465', '01465'),
('01468', '01468'),
('01469', '01469'),
('01470', '01470'),
('01471', '01471'),
('01472', '01472'),
('01481', '01481'),
('01482', '01482'),
('01483', '01483'),
('01484', '01484'),
('01485', '01485'),
('01486', '01486'),
('01487', '01487'),
('01511', '01511'),
('01512', '01512'),
('01513', '01513'),
('01514', '01514'),
('01516', '01516'),
('01517', '01517'),
('01518', '01518'),
('01519', '01519'),
('01520', '01520'),
('01543', '01543'),
('01544', '01544'),
('01545', '01545'),
('01546', '01546'),
('01547', '01547'),
('01549', '01549'),
('01550', '01550'),
('01552', '01552'),
('01555', '01555'),
('01559', '01559'),
('01560', '01560'),
('01561', '01561'),
('01562', '01562'),
('01563', '01563'),
('01564', '01564'),
('01571', '01571'),
('01575', '01575'),
('01578', '01578'),
('01581', '01581'),
('01584', '01584'),
('01585', '01585'),
('01586', '01586'),
('01601', '01601'),
('01602', '01602'),
('01604', '01604'),
('01607', '01607'),
('01608', '01608'),
('01609', '01609'),
('01610', '01610'),
('01631', '01631'),
('01632', '01632'),
('01633', '01633'),
('01634', '01634'),
('01635', '01635'),
('01636', '01636'),
('01637', '01637'),
('01638', '01638'),
('01639', '01639'),
('01641', '01641'),
('01642', '01642'),
('01643', '01643'),
('01644', '01644'),
('01645', '01645'),
('01646', '01646'),
('01647', '01647'),
('01648', '01648'),
('01649', '01649'),
('01661', '01661'),
('01662', '01662'),
('01663', '01663'),
('01664', '01664'),
('01665', '01665'),
('01667', '01667'),
('01668', '01668'),
('01691', '01691'),
('01692', '01692'),
('01693', '01693'),
('01694', '01694'),
('02201', '02201'),
('02202', '02202'),
('02203', '02203'),
('02204', '02204'),
('02205', '02205'),
('02206', '02206'),
('02207', '02207'),
('02208', '02208'),
('02209', '02209'),
('02210', '02210'),
('02301', '02301'),
('02303', '02303'),
('02304', '02304'),
('02307', '02307'),
('02321', '02321'),
('02323', '02323'),
('02343', '02343'),
('02361', '02361'),
('02362', '02362'),
('02367', '02367'),
('02381', '02381'),
('02384', '02384'),
('02387', '02387'),
('02401', '02401'),
('02402', '02402'),
('02405', '02405'),
('02406', '02406'),
('02408', '02408'),
('02411', '02411'),
('02412', '02412'),
('02423', '02423'),
('02424', '02424'),
('02425', '02425'),
('02426', '02426'),
('02441', '02441'),
('02442', '02442'),
('02443', '02443'),
('02445', '02445'),
('02446', '02446'),
('02450', '02450'),
('03201', '03201'),
('03202', '03202'),
('03203', '03203'),
('03205', '03205'),
('03206', '03206'),
('03207', '03207'),
('03208', '03208'),
('03209', '03209'),
('03210', '03210'),
('03211', '03211'),
('03213', '03213'),
('03214', '03214'),
('03215', '03215'),
('03216', '03216'),
('03301', '03301'),
('03302', '03302'),
('03303', '03303'),
('03321', '03321'),
('03322', '03322'),
('03366', '03366'),
('03381', '03381'),
('03402', '03402');

INSERT INTO cities_histories (ancestor, descendant)
VALUES
('03441', '03441'),
('03461', '03461'),
('03482', '03482'),
('03483', '03483'),
('03484', '03484'),
('03485', '03485'),
('03501', '03501'),
('03503', '03503'),
('03506', '03506'),
('03507', '03507'),
('03524', '03524'),
('04101', '04101'),
('04102', '04102'),
('04103', '04103'),
('04104', '04104'),
('04105', '04105'),
('04202', '04202'),
('04203', '04203'),
('04205', '04205'),
('04206', '04206'),
('04207', '04207'),
('04208', '04208'),
('04209', '04209'),
('04211', '04211'),
('04212', '04212'),
('04213', '04213'),
('04214', '04214'),
('04215', '04215'),
('04216', '04216'),
('04301', '04301'),
('04302', '04302'),
('04321', '04321'),
('04322', '04322'),
('04323', '04323'),
('04324', '04324'),
('04341', '04341'),
('04361', '04361'),
('04362', '04362'),
('04401', '04401'),
('04404', '04404'),
('04406', '04406'),
('04421', '04421'),
('04422', '04422'),
('04424', '04424'),
('04444', '04444'),
('04445', '04445'),
('04501', '04501'),
('04505', '04505'),
('04581', '04581'),
('04606', '04606'),
('05201', '05201'),
('05202', '05202'),
('05203', '05203'),
('05204', '05204'),
('05206', '05206'),
('05207', '05207'),
('05209', '05209'),
('05210', '05210'),
('05211', '05211'),
('05212', '05212'),
('05213', '05213'),
('05214', '05214'),
('05215', '05215'),
('05303', '05303'),
('05327', '05327'),
('05346', '05346'),
('05348', '05348'),
('05349', '05349'),
('05361', '05361'),
('05363', '05363'),
('05366', '05366'),
('05368', '05368'),
('05434', '05434'),
('05463', '05463'),
('05464', '05464'),
('06201', '06201'),
('06202', '06202'),
('06203', '06203'),
('06204', '06204'),
('06205', '06205'),
('06206', '06206'),
('06207', '06207'),
('06208', '06208'),
('06209', '06209'),
('06210', '06210'),
('06211', '06211'),
('06212', '06212'),
('06213', '06213'),
('06301', '06301'),
('06302', '06302'),
('06321', '06321'),
('06322', '06322'),
('06323', '06323'),
('06324', '06324'),
('06341', '06341'),
('06361', '06361'),
('06362', '06362'),
('06363', '06363'),
('06364', '06364'),
('06365', '06365'),
('06366', '06366'),
('06367', '06367'),
('06381', '06381'),
('06382', '06382'),
('06401', '06401'),
('06402', '06402'),
('06403', '06403'),
('06426', '06426'),
('06428', '06428'),
('06461', '06461'),
('07201', '07201'),
('07202', '07202'),
('07203', '07203'),
('07204', '07204'),
('07205', '07205'),
('07207', '07207'),
('07208', '07208'),
('07209', '07209'),
('07210', '07210'),
('07211', '07211'),
('07212', '07212'),
('07213', '07213'),
('07214', '07214'),
('07301', '07301'),
('07303', '07303'),
('07308', '07308'),
('07322', '07322'),
('07342', '07342'),
('07344', '07344'),
('07362', '07362'),
('07364', '07364'),
('07367', '07367'),
('07368', '07368'),
('07402', '07402'),
('07405', '07405'),
('07407', '07407'),
('07408', '07408'),
('07421', '07421'),
('07422', '07422'),
('07423', '07423'),
('07444', '07444'),
('07445', '07445'),
('07446', '07446'),
('07447', '07447'),
('07461', '07461'),
('07464', '07464'),
('07465', '07465'),
('07466', '07466'),
('07481', '07481'),
('07482', '07482'),
('07483', '07483'),
('07484', '07484'),
('07501', '07501'),
('07502', '07502'),
('07503', '07503'),
('07504', '07504'),
('07505', '07505'),
('07521', '07521'),
('07522', '07522'),
('07541', '07541'),
('07542', '07542'),
('07543', '07543'),
('07544', '07544'),
('07545', '07545'),
('07546', '07546'),
('07547', '07547'),
('07548', '07548'),
('07561', '07561'),
('07564', '07564'),
('08201', '08201'),
('08202', '08202'),
('08203', '08203'),
('08204', '08204'),
('08205', '08205'),
('08207', '08207'),
('08208', '08208'),
('08210', '08210'),
('08211', '08211'),
('08212', '08212'),
('08214', '08214'),
('08215', '08215'),
('08216', '08216'),
('08217', '08217'),
('08219', '08219'),
('08220', '08220'),
('08221', '08221'),
('08222', '08222'),
('08223', '08223'),
('08224', '08224'),
('08225', '08225'),
('08226', '08226'),
('08227', '08227'),
('08228', '08228'),
('08229', '08229'),
('08230', '08230'),
('08231', '08231'),
('08232', '08232'),
('08233', '08233'),
('08234', '08234'),
('08235', '08235'),
('08236', '08236'),
('08302', '08302'),
('08309', '08309'),
('08310', '08310'),
('08341', '08341'),
('08364', '08364'),
('08442', '08442'),
('08443', '08443'),
('08447', '08447'),
('08521', '08521'),
('08542', '08542'),
('08546', '08546'),
('08564', '08564'),
('09201', '09201'),
('09202', '09202'),
('09203', '09203'),
('09204', '09204'),
('09205', '09205'),
('09206', '09206'),
('09208', '09208'),
('09209', '09209'),
('09210', '09210'),
('09211', '09211'),
('09213', '09213'),
('09214', '09214'),
('09215', '09215'),
('09216', '09216'),
('09301', '09301'),
('09342', '09342'),
('09343', '09343'),
('09344', '09344'),
('09345', '09345'),
('09361', '09361'),
('09364', '09364'),
('09384', '09384'),
('09386', '09386'),
('09407', '09407'),
('09411', '09411'),
('10201', '10201'),
('10202', '10202'),
('10203', '10203'),
('10204', '10204'),
('10205', '10205'),
('10206', '10206'),
('10207', '10207'),
('10208', '10208'),
('10209', '10209'),
('10210', '10210'),
('10211', '10211'),
('10212', '10212');

INSERT INTO cities_histories (ancestor, descendant)
VALUES
('10344', '10344'),
('10345', '10345'),
('10366', '10366'),
('10367', '10367'),
('10382', '10382'),
('10383', '10383'),
('10384', '10384'),
('10421', '10421'),
('10424', '10424'),
('10425', '10425'),
('10426', '10426'),
('10428', '10428'),
('10429', '10429'),
('10443', '10443'),
('10444', '10444'),
('10448', '10448'),
('10449', '10449'),
('10464', '10464'),
('10521', '10521'),
('10522', '10522'),
('10523', '10523'),
('10524', '10524'),
('10525', '10525'),
('11101', '11101'),
('11102', '11102'),
('11103', '11103'),
('11104', '11104'),
('11105', '11105'),
('11106', '11106'),
('11107', '11107'),
('11108', '11108'),
('11109', '11109'),
('11110', '11110'),
('11201', '11201'),
('11202', '11202'),
('11203', '11203'),
('11206', '11206'),
('11207', '11207'),
('11208', '11208'),
('11209', '11209'),
('11210', '11210'),
('11211', '11211'),
('11212', '11212'),
('11214', '11214'),
('11215', '11215'),
('11216', '11216'),
('11217', '11217'),
('11218', '11218'),
('11219', '11219'),
('11221', '11221'),
('11222', '11222'),
('11223', '11223'),
('11224', '11224'),
('11225', '11225'),
('11227', '11227'),
('11228', '11228'),
('11229', '11229'),
('11230', '11230'),
('11231', '11231'),
('11232', '11232'),
('11233', '11233'),
('11234', '11234'),
('11235', '11235'),
('11237', '11237'),
('11238', '11238'),
('11239', '11239'),
('11240', '11240'),
('11241', '11241'),
('11242', '11242'),
('11243', '11243'),
('11245', '11245'),
('11246', '11246'),
('11301', '11301'),
('11324', '11324'),
('11326', '11326'),
('11327', '11327'),
('11341', '11341'),
('11342', '11342'),
('11343', '11343'),
('11346', '11346'),
('11347', '11347'),
('11348', '11348'),
('11349', '11349'),
('11361', '11361'),
('11362', '11362'),
('11363', '11363'),
('11365', '11365'),
('11369', '11369'),
('11381', '11381'),
('11383', '11383'),
('11385', '11385'),
('11408', '11408'),
('11442', '11442'),
('11464', '11464'),
('11465', '11465'),
('12101', '12101'),
('12102', '12102'),
('12103', '12103'),
('12104', '12104'),
('12105', '12105'),
('12106', '12106'),
('12202', '12202'),
('12203', '12203'),
('12204', '12204'),
('12205', '12205'),
('12206', '12206'),
('12207', '12207'),
('12208', '12208'),
('12210', '12210'),
('12211', '12211'),
('12212', '12212'),
('12213', '12213'),
('12215', '12215'),
('12216', '12216'),
('12217', '12217'),
('12218', '12218'),
('12219', '12219'),
('12220', '12220'),
('12221', '12221'),
('12222', '12222'),
('12223', '12223'),
('12224', '12224'),
('12225', '12225'),
('12226', '12226'),
('12227', '12227'),
('12228', '12228'),
('12229', '12229'),
('12230', '12230'),
('12231', '12231'),
('12232', '12232'),
('12233', '12233'),
('12234', '12234'),
('12235', '12235'),
('12236', '12236'),
('12237', '12237'),
('12238', '12238'),
('12239', '12239'),
('12322', '12322'),
('12329', '12329'),
('12342', '12342'),
('12347', '12347'),
('12349', '12349'),
('12403', '12403'),
('12409', '12409'),
('12410', '12410'),
('12421', '12421'),
('12422', '12422'),
('12423', '12423'),
('12424', '12424'),
('12426', '12426'),
('12427', '12427'),
('12441', '12441'),
('12443', '12443'),
('12463', '12463'),
('13101', '13101'),
('13102', '13102'),
('13103', '13103'),
('13104', '13104'),
('13105', '13105'),
('13106', '13106'),
('13107', '13107'),
('13108', '13108'),
('13109', '13109'),
('13110', '13110'),
('13111', '13111'),
('13112', '13112'),
('13113', '13113'),
('13114', '13114'),
('13115', '13115'),
('13116', '13116'),
('13117', '13117'),
('13118', '13118'),
('13119', '13119'),
('13120', '13120'),
('13121', '13121'),
('13122', '13122'),
('13123', '13123'),
('13201', '13201'),
('13202', '13202'),
('13203', '13203'),
('13204', '13204'),
('13205', '13205'),
('13206', '13206'),
('13207', '13207'),
('13208', '13208'),
('13209', '13209'),
('13210', '13210'),
('13211', '13211'),
('13212', '13212'),
('13213', '13213'),
('13214', '13214'),
('13215', '13215'),
('13218', '13218'),
('13219', '13219'),
('13220', '13220'),
('13221', '13221'),
('13222', '13222'),
('13223', '13223'),
('13224', '13224'),
('13225', '13225'),
('13227', '13227'),
('13228', '13228'),
('13229', '13229'),
('13303', '13303'),
('13305', '13305'),
('13307', '13307'),
('13308', '13308'),
('13361', '13361'),
('13362', '13362'),
('13363', '13363'),
('13364', '13364'),
('13381', '13381'),
('13382', '13382'),
('13401', '13401'),
('13402', '13402'),
('13421', '13421'),
('14101', '14101'),
('14102', '14102'),
('14103', '14103'),
('14104', '14104'),
('14105', '14105'),
('14106', '14106'),
('14107', '14107'),
('14108', '14108'),
('14109', '14109'),
('14110', '14110'),
('14111', '14111'),
('14112', '14112'),
('14113', '14113'),
('14114', '14114'),
('14115', '14115'),
('14116', '14116'),
('14117', '14117'),
('14118', '14118'),
('14131', '14131'),
('14132', '14132'),
('14133', '14133'),
('14134', '14134'),
('14135', '14135'),
('14136', '14136'),
('14137', '14137'),
('14151', '14151'),
('14152', '14152'),
('14153', '14153'),
('14201', '14201'),
('14203', '14203'),
('14204', '14204'),
('14205', '14205'),
('14206', '14206'),
('14207', '14207');

INSERT INTO cities_histories (ancestor, descendant)
VALUES
('14208', '14208'),
('14210', '14210'),
('14211', '14211'),
('14212', '14212'),
('14213', '14213'),
('14214', '14214'),
('14215', '14215'),
('14216', '14216'),
('14217', '14217'),
('14218', '14218'),
('14301', '14301'),
('14321', '14321'),
('14341', '14341'),
('14342', '14342'),
('14361', '14361'),
('14362', '14362'),
('14363', '14363'),
('14364', '14364'),
('14366', '14366'),
('14382', '14382'),
('14383', '14383'),
('14384', '14384'),
('14401', '14401'),
('14402', '14402'),
('15101', '15101'),
('15102', '15102'),
('15103', '15103'),
('15104', '15104'),
('15105', '15105'),
('15106', '15106'),
('15107', '15107'),
('15108', '15108'),
('15202', '15202'),
('15204', '15204'),
('15205', '15205'),
('15206', '15206'),
('15208', '15208'),
('15209', '15209'),
('15210', '15210'),
('15211', '15211'),
('15212', '15212'),
('15213', '15213'),
('15216', '15216'),
('15217', '15217'),
('15218', '15218'),
('15222', '15222'),
('15223', '15223'),
('15224', '15224'),
('15225', '15225'),
('15226', '15226'),
('15227', '15227'),
('15307', '15307'),
('15342', '15342'),
('15361', '15361'),
('15385', '15385'),
('15405', '15405'),
('15461', '15461'),
('15482', '15482'),
('15504', '15504'),
('15581', '15581'),
('15586', '15586'),
('16201', '16201'),
('16202', '16202'),
('16204', '16204'),
('16205', '16205'),
('16206', '16206'),
('16207', '16207'),
('16208', '16208'),
('16209', '16209'),
('16210', '16210'),
('16211', '16211'),
('16321', '16321'),
('16322', '16322'),
('16323', '16323'),
('16342', '16342'),
('16343', '16343'),
('17201', '17201'),
('17202', '17202'),
('17203', '17203'),
('17204', '17204'),
('17205', '17205'),
('17206', '17206'),
('17207', '17207'),
('17209', '17209'),
('17210', '17210'),
('17211', '17211'),
('17212', '17212'),
('17324', '17324'),
('17361', '17361'),
('17365', '17365'),
('17384', '17384'),
('17386', '17386'),
('17407', '17407'),
('17461', '17461'),
('17463', '17463'),
('18201', '18201'),
('18202', '18202'),
('18204', '18204'),
('18205', '18205'),
('18206', '18206'),
('18207', '18207'),
('18208', '18208'),
('18209', '18209'),
('18210', '18210'),
('18322', '18322'),
('18382', '18382'),
('18404', '18404'),
('18423', '18423'),
('18442', '18442'),
('18481', '18481'),
('18483', '18483'),
('18501', '18501'),
('19201', '19201'),
('19202', '19202'),
('19204', '19204'),
('19205', '19205'),
('19206', '19206'),
('19207', '19207'),
('19208', '19208'),
('19209', '19209'),
('19210', '19210'),
('19211', '19211'),
('19212', '19212'),
('19213', '19213'),
('19214', '19214'),
('19346', '19346'),
('19364', '19364'),
('19365', '19365'),
('19366', '19366'),
('19368', '19368'),
('19384', '19384'),
('19422', '19422'),
('19423', '19423'),
('19424', '19424'),
('19425', '19425'),
('19429', '19429'),
('19430', '19430'),
('19442', '19442'),
('19443', '19443'),
('20201', '20201'),
('20202', '20202'),
('20203', '20203'),
('20204', '20204'),
('20205', '20205'),
('20206', '20206'),
('20207', '20207'),
('20208', '20208'),
('20209', '20209'),
('20210', '20210'),
('20211', '20211'),
('20212', '20212'),
('20213', '20213'),
('20214', '20214'),
('20215', '20215'),
('20217', '20217'),
('20218', '20218'),
('20219', '20219'),
('20220', '20220'),
('20303', '20303'),
('20304', '20304'),
('20305', '20305'),
('20306', '20306'),
('20307', '20307'),
('20309', '20309'),
('20321', '20321'),
('20323', '20323'),
('20324', '20324'),
('20349', '20349'),
('20350', '20350'),
('20361', '20361'),
('20362', '20362'),
('20363', '20363'),
('20382', '20382'),
('20383', '20383'),
('20384', '20384'),
('20385', '20385'),
('20386', '20386'),
('20388', '20388'),
('20402', '20402'),
('20403', '20403'),
('20404', '20404'),
('20407', '20407'),
('20409', '20409'),
('20410', '20410'),
('20411', '20411'),
('20412', '20412'),
('20413', '20413'),
('20414', '20414'),
('20415', '20415'),
('20416', '20416'),
('20417', '20417'),
('20422', '20422'),
('20423', '20423'),
('20425', '20425'),
('20429', '20429'),
('20430', '20430'),
('20432', '20432'),
('20446', '20446'),
('20448', '20448'),
('20450', '20450'),
('20451', '20451'),
('20452', '20452'),
('20481', '20481'),
('20482', '20482'),
('20485', '20485'),
('20486', '20486'),
('20521', '20521'),
('20541', '20541'),
('20543', '20543'),
('20561', '20561'),
('20562', '20562'),
('20563', '20563'),
('20583', '20583'),
('20588', '20588'),
('20590', '20590'),
('20602', '20602'),
('21201', '21201'),
('21202', '21202'),
('21203', '21203'),
('21204', '21204'),
('21205', '21205'),
('21206', '21206'),
('21207', '21207'),
('21208', '21208'),
('21209', '21209'),
('21210', '21210'),
('21211', '21211'),
('21212', '21212'),
('21213', '21213'),
('21214', '21214'),
('21215', '21215'),
('21216', '21216'),
('21217', '21217'),
('21218', '21218'),
('21219', '21219'),
('21220', '21220'),
('21221', '21221'),
('21302', '21302'),
('21303', '21303'),
('21341', '21341'),
('21361', '21361'),
('21362', '21362'),
('21381', '21381'),
('21382', '21382'),
('21383', '21383'),
('21401', '21401'),
('21403', '21403'),
('21404', '21404'),
('21421', '21421'),
('21501', '21501');

INSERT INTO cities_histories (ancestor, descendant)
VALUES
('21502', '21502'),
('21503', '21503'),
('21504', '21504'),
('21505', '21505'),
('21506', '21506'),
('21507', '21507'),
('21521', '21521'),
('21604', '21604'),
('22101', '22101'),
('22102', '22102'),
('22103', '22103'),
('22131', '22131'),
('22132', '22132'),
('22133', '22133'),
('22134', '22134'),
('22135', '22135'),
('22136', '22136'),
('22137', '22137'),
('22138', '22131'),
('22138', '22132'),
('22138', '22133'),
('22138', '22134'),
('22138', '22138'),
('22139', '22135'),
('22139', '22136'),
('22139', '22139'),
('22140', '22137'),
('22140', '22140'),
('22203', '22203'),
('22205', '22205'),
('22206', '22206'),
('22207', '22207'),
('22208', '22208'),
('22209', '22209'),
('22210', '22210'),
('22211', '22211'),
('22212', '22212'),
('22213', '22213'),
('22214', '22214'),
('22215', '22215'),
('22216', '22216'),
('22219', '22219'),
('22220', '22220'),
('22221', '22221'),
('22222', '22222'),
('22223', '22223'),
('22224', '22224'),
('22225', '22225'),
('22226', '22226'),
('22301', '22301'),
('22302', '22302'),
('22304', '22304'),
('22305', '22305'),
('22306', '22306'),
('22325', '22325'),
('22341', '22341'),
('22342', '22342'),
('22344', '22344'),
('22424', '22424'),
('22429', '22429'),
('22461', '22461'),
('23101', '23101'),
('23102', '23102'),
('23103', '23103'),
('23104', '23104'),
('23105', '23105'),
('23106', '23106'),
('23107', '23107'),
('23108', '23108'),
('23109', '23109'),
('23110', '23110'),
('23111', '23111'),
('23112', '23112'),
('23113', '23113'),
('23114', '23114'),
('23115', '23115'),
('23116', '23116'),
('23201', '23201'),
('23202', '23202'),
('23203', '23203'),
('23204', '23204'),
('23205', '23205'),
('23206', '23206'),
('23207', '23207'),
('23208', '23208'),
('23209', '23209'),
('23210', '23210'),
('23211', '23211'),
('23212', '23212'),
('23213', '23213'),
('23214', '23214'),
('23215', '23215'),
('23216', '23216'),
('23217', '23217'),
('23219', '23219'),
('23220', '23220'),
('23221', '23221'),
('23222', '23222'),
('23223', '23223'),
('23224', '23224'),
('23225', '23225'),
('23226', '23226'),
('23227', '23227'),
('23228', '23228'),
('23229', '23229'),
('23230', '23230'),
('23231', '23231'),
('23232', '23232'),
('23233', '23233'),
('23234', '23234'),
('23235', '23235'),
('23236', '23236'),
('23237', '23237'),
('23238', '23238'),
('23302', '23302'),
('23342', '23342'),
('23361', '23361'),
('23362', '23362'),
('23424', '23424'),
('23425', '23425'),
('23427', '23427'),
('23441', '23441'),
('23442', '23442'),
('23445', '23445'),
('23446', '23446'),
('23447', '23447'),
('23501', '23501'),
('23561', '23561'),
('23562', '23562'),
('23563', '23563'),
('24201', '24201'),
('24202', '24202'),
('24203', '24203'),
('24204', '24204'),
('24205', '24205'),
('24207', '24207'),
('24208', '24208'),
('24209', '24209'),
('24210', '24210'),
('24211', '24211'),
('24212', '24212'),
('24214', '24214'),
('24215', '24215'),
('24216', '24216'),
('24303', '24303'),
('24324', '24324'),
('24341', '24341'),
('24343', '24343'),
('24344', '24344'),
('24441', '24441'),
('24442', '24442'),
('24443', '24443'),
('24461', '24461'),
('24470', '24470'),
('24471', '24471'),
('24472', '24472'),
('24543', '24543'),
('24561', '24561'),
('24562', '24562'),
('25201', '25201'),
('25202', '25202'),
('25203', '25203'),
('25204', '25204'),
('25206', '25206'),
('25207', '25207'),
('25208', '25208'),
('25209', '25209'),
('25210', '25210'),
('25211', '25211'),
('25212', '25212'),
('25213', '25213'),
('25214', '25214'),
('25383', '25383'),
('25384', '25384'),
('25425', '25425'),
('25441', '25441'),
('25442', '25442'),
('25443', '25443'),
('26101', '26101'),
('26102', '26102'),
('26103', '26103'),
('26104', '26104'),
('26105', '26105'),
('26106', '26106'),
('26107', '26107'),
('26108', '26108'),
('26109', '26109'),
('26110', '26110'),
('26111', '26111'),
('26201', '26201'),
('26202', '26202'),
('26203', '26203'),
('26204', '26204'),
('26205', '26205'),
('26206', '26206'),
('26207', '26207'),
('26208', '26208'),
('26209', '26209'),
('26210', '26210'),
('26211', '26211'),
('26212', '26212'),
('26213', '26213'),
('26214', '26214'),
('26303', '26303'),
('26322', '26322'),
('26343', '26343'),
('26344', '26344'),
('26364', '26364'),
('26365', '26365'),
('26366', '26366'),
('26367', '26367'),
('26407', '26407'),
('26463', '26463'),
('26465', '26465'),
('27102', '27102'),
('27103', '27103'),
('27104', '27104'),
('27106', '27106'),
('27107', '27107'),
('27108', '27108'),
('27109', '27109'),
('27111', '27111'),
('27113', '27113'),
('27114', '27114'),
('27115', '27115'),
('27116', '27116'),
('27117', '27117'),
('27118', '27118'),
('27119', '27119'),
('27120', '27120'),
('27121', '27121'),
('27122', '27122'),
('27123', '27123'),
('27124', '27124'),
('27125', '27125'),
('27126', '27126'),
('27127', '27127'),
('27128', '27128'),
('27141', '27141'),
('27142', '27142'),
('27143', '27143'),
('27144', '27144'),
('27145', '27145'),
('27146', '27146'),
('27147', '27147'),
('27202', '27202'),
('27203', '27203'),
('27204', '27204'),
('27205', '27205'),
('27206', '27206');

INSERT INTO cities_histories (ancestor, descendant)
VALUES
('27207', '27207'),
('27208', '27208'),
('27209', '27209'),
('27210', '27210'),
('27211', '27211'),
('27212', '27212'),
('27213', '27213'),
('27214', '27214'),
('27215', '27215'),
('27216', '27216'),
('27217', '27217'),
('27218', '27218'),
('27219', '27219'),
('27220', '27220'),
('27221', '27221'),
('27222', '27222'),
('27223', '27223'),
('27224', '27224'),
('27225', '27225'),
('27226', '27226'),
('27227', '27227'),
('27228', '27228'),
('27229', '27229'),
('27230', '27230'),
('27231', '27231'),
('27232', '27232'),
('27301', '27301'),
('27321', '27321'),
('27322', '27322'),
('27341', '27341'),
('27361', '27361'),
('27362', '27362'),
('27366', '27366'),
('27381', '27381'),
('27382', '27382'),
('27383', '27383'),
('28101', '28101'),
('28102', '28102'),
('28105', '28105'),
('28106', '28106'),
('28107', '28107'),
('28108', '28108'),
('28109', '28109'),
('28110', '28110'),
('28111', '28111'),
('28201', '28201'),
('28202', '28202'),
('28203', '28203'),
('28204', '28204'),
('28205', '28205'),
('28206', '28206'),
('28207', '28207'),
('28208', '28208'),
('28209', '28209'),
('28210', '28210'),
('28212', '28212'),
('28213', '28213'),
('28214', '28214'),
('28215', '28215'),
('28216', '28216'),
('28217', '28217'),
('28218', '28218'),
('28219', '28219'),
('28220', '28220'),
('28221', '28221'),
('28222', '28222'),
('28223', '28223'),
('28224', '28224'),
('28225', '28225'),
('28226', '28226'),
('28227', '28227'),
('28228', '28228'),
('28229', '28229'),
('28301', '28301'),
('28365', '28365'),
('28381', '28381'),
('28382', '28382'),
('28442', '28442'),
('28443', '28443'),
('28446', '28446'),
('28464', '28464'),
('28481', '28481'),
('28501', '28501'),
('28585', '28585'),
('28586', '28586'),
('29201', '29201'),
('29202', '29202'),
('29203', '29203'),
('29204', '29204'),
('29205', '29205'),
('29206', '29206'),
('29207', '29207'),
('29208', '29208'),
('29209', '29209'),
('29210', '29210'),
('29211', '29211'),
('29212', '29212'),
('29322', '29322'),
('29342', '29342'),
('29343', '29343'),
('29344', '29344'),
('29345', '29345'),
('29361', '29361'),
('29362', '29362'),
('29363', '29363'),
('29385', '29385'),
('29386', '29386'),
('29401', '29401'),
('29402', '29402'),
('29424', '29424'),
('29425', '29425'),
('29426', '29426'),
('29427', '29427'),
('29441', '29441'),
('29442', '29442'),
('29443', '29443'),
('29444', '29444'),
('29446', '29446'),
('29447', '29447'),
('29449', '29449'),
('29450', '29450'),
('29451', '29451'),
('29452', '29452'),
('29453', '29453'),
('30201', '30201'),
('30202', '30202'),
('30203', '30203'),
('30204', '30204'),
('30205', '30205'),
('30206', '30206'),
('30207', '30207'),
('30208', '30208'),
('30209', '30209'),
('30304', '30304'),
('30341', '30341'),
('30343', '30343'),
('30344', '30344'),
('30361', '30361'),
('30362', '30362'),
('30366', '30366'),
('30381', '30381'),
('30382', '30382'),
('30383', '30383'),
('30390', '30390'),
('30391', '30391'),
('30392', '30392'),
('30401', '30401'),
('30404', '30404'),
('30406', '30406'),
('30421', '30421'),
('30422', '30422'),
('30424', '30424'),
('30427', '30427'),
('30428', '30428'),
('31201', '31201'),
('31202', '31202'),
('31203', '31203'),
('31204', '31204'),
('31302', '31302'),
('31325', '31325'),
('31328', '31328'),
('31329', '31329'),
('31364', '31364'),
('31370', '31370'),
('31371', '31371'),
('31372', '31372'),
('31384', '31384'),
('31386', '31386'),
('31389', '31389'),
('31390', '31390'),
('31401', '31401'),
('31402', '31402'),
('31403', '31403'),
('32201', '32201'),
('32202', '32202'),
('32203', '32203'),
('32204', '32204'),
('32205', '32205'),
('32206', '32206'),
('32207', '32207'),
('32209', '32209'),
('32343', '32343'),
('32386', '32386'),
('32441', '32441'),
('32448', '32448'),
('32449', '32449'),
('32501', '32501'),
('32505', '32505'),
('32525', '32525'),
('32526', '32526'),
('32527', '32527'),
('32528', '32528'),
('33101', '33101'),
('33102', '33102'),
('33103', '33103'),
('33104', '33104'),
('33202', '33202'),
('33203', '33203'),
('33204', '33204'),
('33205', '33205'),
('33207', '33207'),
('33208', '33208'),
('33209', '33209'),
('33210', '33210'),
('33211', '33211'),
('33212', '33212'),
('33213', '33213'),
('33214', '33214'),
('33215', '33215'),
('33216', '33216'),
('33346', '33346'),
('33423', '33423'),
('33445', '33445'),
('33461', '33461'),
('33586', '33586'),
('33606', '33606'),
('33622', '33622'),
('33623', '33623'),
('33643', '33643'),
('33663', '33663'),
('33666', '33666'),
('33681', '33681'),
('34101', '34101'),
('34102', '34102'),
('34103', '34103'),
('34104', '34104'),
('34105', '34105'),
('34106', '34106'),
('34107', '34107'),
('34108', '34108'),
('34202', '34202'),
('34203', '34203'),
('34204', '34204'),
('34205', '34205'),
('34207', '34207'),
('34208', '34208'),
('34209', '34209'),
('34210', '34210'),
('34211', '34211'),
('34212', '34212'),
('34213', '34213'),
('34214', '34214'),
('34215', '34215'),
('34302', '34302'),
('34304', '34304'),
('34307', '34307'),
('34309', '34309'),
('34368', '34368'),
('34369', '34369'),
('34431', '34431');

INSERT INTO cities_histories (ancestor, descendant)
VALUES
('34462', '34462'),
('34545', '34545'),
('35201', '35201'),
('35202', '35202'),
('35203', '35203'),
('35204', '35204'),
('35206', '35206'),
('35207', '35207'),
('35208', '35208'),
('35210', '35210'),
('35211', '35211'),
('35212', '35212'),
('35213', '35213'),
('35215', '35215'),
('35216', '35216'),
('35305', '35305'),
('35321', '35321'),
('35341', '35341'),
('35343', '35343'),
('35344', '35344'),
('35502', '35502'),
('36201', '36201'),
('36202', '36202'),
('36203', '36203'),
('36204', '36204'),
('36205', '36205'),
('36206', '36206'),
('36207', '36207'),
('36208', '36208'),
('36301', '36301'),
('36302', '36302'),
('36321', '36321'),
('36341', '36341'),
('36342', '36342'),
('36368', '36368'),
('36383', '36383'),
('36387', '36387'),
('36388', '36388'),
('36401', '36401'),
('36402', '36402'),
('36403', '36403'),
('36404', '36404'),
('36405', '36405'),
('36468', '36468'),
('36489', '36489'),
('37201', '37201'),
('37202', '37202'),
('37203', '37203'),
('37204', '37204'),
('37205', '37205'),
('37206', '37206'),
('37207', '37207'),
('37208', '37208'),
('37322', '37322'),
('37324', '37324'),
('37341', '37341'),
('37364', '37364'),
('37386', '37386'),
('37387', '37387'),
('37403', '37403'),
('37404', '37404'),
('37406', '37406'),
('38201', '38201'),
('38202', '38202'),
('38203', '38203'),
('38204', '38204'),
('38205', '38205'),
('38206', '38206'),
('38207', '38207'),
('38210', '38210'),
('38213', '38213'),
('38214', '38214'),
('38215', '38215'),
('38356', '38356'),
('38386', '38386'),
('38401', '38401'),
('38402', '38402'),
('38422', '38422'),
('38442', '38442'),
('38484', '38484'),
('38488', '38488'),
('38506', '38506'),
('39201', '39201'),
('39202', '39202'),
('39203', '39203'),
('39204', '39204'),
('39205', '39205'),
('39206', '39206'),
('39208', '39208'),
('39209', '39209'),
('39210', '39210'),
('39211', '39211'),
('39212', '39212'),
('39301', '39301'),
('39302', '39302'),
('39303', '39303'),
('39304', '39304'),
('39305', '39305'),
('39306', '39306'),
('39307', '39307'),
('39341', '39341'),
('39344', '39344'),
('39363', '39363'),
('39364', '39364'),
('39386', '39386'),
('39387', '39387'),
('39401', '39401'),
('39402', '39402'),
('39403', '39403'),
('39405', '39405'),
('39410', '39410'),
('39411', '39411'),
('39412', '39412'),
('39424', '39424'),
('39427', '39427'),
('39428', '39428'),
('40101', '40101'),
('40103', '40103'),
('40105', '40105'),
('40106', '40106'),
('40107', '40107'),
('40108', '40108'),
('40109', '40109'),
('40131', '40131'),
('40132', '40132'),
('40133', '40133'),
('40134', '40134'),
('40135', '40135'),
('40136', '40136'),
('40137', '40137'),
('40202', '40202'),
('40203', '40203'),
('40204', '40204'),
('40205', '40205'),
('40206', '40206'),
('40207', '40207'),
('40210', '40210'),
('40211', '40211'),
('40212', '40212'),
('40213', '40213'),
('40214', '40214'),
('40215', '40215'),
('40216', '40216'),
('40217', '40217'),
('40218', '40218'),
('40219', '40219'),
('40220', '40220'),
('40221', '40221'),
('40223', '40223'),
('40224', '40224'),
('40225', '40225'),
('40226', '40226'),
('40227', '40227'),
('40228', '40228'),
('40229', '40229'),
('40230', '40230'),
('40231', '40231'),
('40231', '40305'),
('40305', '40305'),
('40341', '40341'),
('40342', '40342'),
('40343', '40343'),
('40344', '40344'),
('40345', '40345'),
('40348', '40348'),
('40349', '40349'),
('40381', '40381'),
('40382', '40382'),
('40383', '40383'),
('40384', '40384'),
('40401', '40401'),
('40402', '40402'),
('40421', '40421'),
('40447', '40447'),
('40448', '40448'),
('40503', '40503'),
('40522', '40522'),
('40544', '40544'),
('40601', '40601'),
('40602', '40602'),
('40604', '40604'),
('40605', '40605'),
('40608', '40608'),
('40609', '40609'),
('40610', '40610'),
('40621', '40621'),
('40625', '40625'),
('40642', '40642'),
('40646', '40646'),
('40647', '40647'),
('41201', '41201'),
('41202', '41202'),
('41203', '41203'),
('41204', '41204'),
('41205', '41205'),
('41206', '41206'),
('41207', '41207'),
('41208', '41208'),
('41209', '41209'),
('41210', '41210'),
('41327', '41327'),
('41341', '41341'),
('41345', '41345'),
('41346', '41346'),
('41387', '41387'),
('41401', '41401'),
('41423', '41423'),
('41424', '41424'),
('41425', '41425'),
('41441', '41441'),
('42201', '42201'),
('42202', '42202'),
('42203', '42203'),
('42204', '42204'),
('42205', '42205'),
('42207', '42207'),
('42208', '42208'),
('42209', '42209'),
('42210', '42210'),
('42211', '42211'),
('42212', '42212'),
('42213', '42213'),
('42214', '42214'),
('42307', '42307'),
('42308', '42308'),
('42321', '42321'),
('42322', '42322'),
('42323', '42323'),
('42383', '42383'),
('42391', '42391'),
('42411', '42411'),
('43101', '43101'),
('43102', '43102'),
('43103', '43103'),
('43104', '43104'),
('43105', '43105'),
('43202', '43202'),
('43203', '43203'),
('43204', '43204'),
('43205', '43205'),
('43206', '43206'),
('43208', '43208'),
('43210', '43210'),
('43211', '43211'),
('43212', '43212'),
('43213', '43213'),
('43214', '43214'),
('43215', '43215'),
('43216', '43216'),
('43348', '43348');

INSERT INTO cities_histories (ancestor, descendant)
VALUES
('43364', '43364'),
('43367', '43367'),
('43368', '43368'),
('43369', '43369'),
('43403', '43403'),
('43404', '43404'),
('43423', '43423'),
('43424', '43424'),
('43425', '43425'),
('43428', '43428'),
('43432', '43432'),
('43433', '43433'),
('43441', '43441'),
('43442', '43442'),
('43443', '43443'),
('43444', '43444'),
('43447', '43447'),
('43468', '43468'),
('43482', '43482'),
('43484', '43484'),
('43501', '43501'),
('43505', '43505'),
('43506', '43506'),
('43507', '43507'),
('43510', '43510'),
('43511', '43511'),
('43512', '43512'),
('43513', '43513'),
('43514', '43514'),
('43531', '43531'),
('44201', '44201'),
('44202', '44202'),
('44203', '44203'),
('44204', '44204'),
('44205', '44205'),
('44206', '44206'),
('44207', '44207'),
('44208', '44208'),
('44209', '44209'),
('44210', '44210'),
('44211', '44211'),
('44212', '44212'),
('44213', '44213'),
('44214', '44214'),
('44322', '44322'),
('44341', '44341'),
('44461', '44461'),
('44462', '44462'),
('45201', '45201'),
('45202', '45202'),
('45203', '45203'),
('45204', '45204'),
('45205', '45205'),
('45206', '45206'),
('45207', '45207'),
('45208', '45208'),
('45209', '45209'),
('45341', '45341'),
('45361', '45361'),
('45382', '45382'),
('45383', '45383'),
('45401', '45401'),
('45402', '45402'),
('45403', '45403'),
('45404', '45404'),
('45405', '45405'),
('45406', '45406'),
('45421', '45421'),
('45429', '45429'),
('45430', '45430'),
('45431', '45431'),
('45441', '45441'),
('45442', '45442'),
('45443', '45443'),
('46201', '46201'),
('46203', '46203'),
('46204', '46204'),
('46206', '46206'),
('46208', '46208'),
('46210', '46210'),
('46213', '46213'),
('46214', '46214'),
('46215', '46215'),
('46216', '46216'),
('46217', '46217'),
('46218', '46218'),
('46219', '46219'),
('46220', '46220'),
('46221', '46221'),
('46222', '46222'),
('46223', '46223'),
('46224', '46224'),
('46225', '46225'),
('46303', '46303'),
('46304', '46304'),
('46392', '46392'),
('46404', '46404'),
('46452', '46452'),
('46468', '46468'),
('46482', '46482'),
('46490', '46490'),
('46491', '46491'),
('46492', '46492'),
('46501', '46501'),
('46502', '46502'),
('46505', '46505'),
('46523', '46523'),
('46524', '46524'),
('46525', '46525'),
('46527', '46527'),
('46529', '46529'),
('46530', '46530'),
('46531', '46531'),
('46532', '46532'),
('46533', '46533'),
('46534', '46534'),
('46535', '46535'),
('47201', '47201'),
('47205', '47205'),
('47207', '47207'),
('47208', '47208'),
('47209', '47209'),
('47210', '47210'),
('47211', '47211'),
('47212', '47212'),
('47213', '47213'),
('47214', '47214'),
('47215', '47215'),
('47301', '47301'),
('47302', '47302'),
('47303', '47303'),
('47306', '47306'),
('47308', '47308'),
('47311', '47311'),
('47313', '47313'),
('47314', '47314'),
('47315', '47315'),
('47324', '47324'),
('47325', '47325'),
('47326', '47326'),
('47327', '47327'),
('47328', '47328'),
('47329', '47329'),
('47348', '47348'),
('47350', '47350'),
('47353', '47353'),
('47354', '47354'),
('47355', '47355'),
('47356', '47356'),
('47357', '47357'),
('47358', '47358'),
('47359', '47359'),
('47360', '47360'),
('47361', '47361'),
('47362', '47362'),
('47375', '47375'),
('47381', '47381'),
('47382', '47382');
